0.0000000000,0.0000000000,0.0000000004,10.0000000000,10.0000000000,10.0000000000,1.0000000000
0.0000000000,1.0000000000,0.0000000727,10.0000000000,10.0000000000,10.0000000000,1.0000000000
0.0000000000,2.0000000000,0.0000002799,10.0000000000,10.0000000000,10.0000000000,1.0000000000
0.0000000000,3.0000000000,0.0000009173,10.0000000000,10.0000000000,10.0000000000,1.0000000000
0.0000000000,4.0000000000,0.0000021446,10.0000000000,10.0000000000,10.0000000000,1.0000000000
0.0000000000,5.0000000000,0.0000036919,10.0000000000,10.0000000000,10.0000000000,1.0000000000
0.0000000000,6.0000000000,0.0000056066,10.0000000000,10.0000000000,10.0000000000,1.0000000000
0.0000000000,7.0000000000,0.0000074303,10.0000000000,10.0000000000,10.0000000000,1.0000000000
0.0000000000,8.0000000000,0.0000086683,10.0000000000,10.0000000000,10.0000000000,1.0000000000
0.0000000000,9.0000000000,0.0000091063,10.0000000000,10.0000000000,10.0000000000,1.0000000000
0.0000000000,10.0000000000,0.0000081400,10.0000000000,10.0000000000,10.0000000000,1.0000000000
0.0000000000,11.0000000000,0.0000067593,10.0000000000,10.0000000000,10.0000000000,1.0000000000
0.0000000000,12.0000000000,0.0000051353,10.0000000000,10.0000000000,10.0000000000,1.0000000000
0.0000000000,13.0000000000,0.0000034964,10.0000000000,10.0000000000,10.0000000000,1.0000000000
0.0000000000,14.0000000000,0.0000023240,10.0000000000,10.0000000000,10.0000000000,1.0000000000
0.0000000000,15.0000000000,0.0000015741,10.0000000000,10.0000000000,10.0000000000,1.0000000000
0.0000000000,16.0000000000,0.0000009152,10.0000000000,10.0000000000,10.0000000000,1.0000000000
0.0000000000,17.0000000000,0.0000004580,10.0000000000,10.0000000000,10.0000000000,1.0000000000
0.0000000000,18.0000000000,0.0000002559,10.0000000000,10.0000000000,10.0000000000,1.0000000000
0.0000000000,19.0000000000,0.0000001195,10.0000000000,10.0000000000,10.0000000000,1.0000000000
0.0000000000,20.0000000000,0.0000000566,10.0000000000,10.0000000000,10.0000000000,1.0000000000
0.0000000000,21.0000000000,0.0000000088,10.0000000000,10.0000000000,10.0000000000,1.0000000000
0.0000000000,22.0000000000,0.0000000011,10.0000000000,10.0000000000,10.0000000000,1.0000000000
0.0000000000,23.0000000000,0.0000000010,10.0000000000,10.0000000000,10.0000000000,1.0000000000
0.0000000000,24.0000000000,0.0000000021,10.0000000000,10.0000000000,10.0000000000,1.0000000000
1.0000000000,0.0000000000,0.0000000497,10.0000000000,10.0000000000,10.0000000000,1.0000000000
1.0000000000,1.0000000000,0.0000005717,10.0000000000,10.0000000000,10.0000000000,1.0000000000
1.0000000000,2.0000000000,0.0000024890,10.0000000000,10.0000000000,10.0000000000,1.0000000000
1.0000000000,3.0000000000,0.0000077792,10.0000000000,10.0000000000,10.0000000000,1.0000000000
1.0000000000,4.0000000000,0.0000181669,10.0000000000,10.0000000000,10.0000000000,1.0000000000
1.0000000000,5.0000000000,0.0000335516,10.0000000000,10.0000000000,10.0000000000,1.0000000000
1.0000000000,6.0000000000,0.0000514150,10.0000000000,10.0000000000,10.0000000000,1.0000000000
1.0000000000,7.0000000000,0.0000692881,10.0000000000,10.0000000000,10.0000000000,1.0000000000
1.0000000000,8.0000000000,0.0000810769,10.0000000000,10.0000000000,10.0000000000,1.0000000000
1.0000000000,9.0000000000,0.0000844914,10.0000000000,10.0000000000,10.0000000000,1.0000000000
1.0000000000,10.0000000000,0.0000784326,10.0000000000,10.0000000000,10.0000000000,1.0000000000
1.0000000000,11.0000000000,0.0000659307,10.0000000000,10.0000000000,10.0000000000,1.0000000000
1.0000000000,12.0000000000,0.0000509374,10.0000000000,10.0000000000,10.0000000000,1.0000000000
1.0000000000,13.0000000000,0.0000361408,10.0000000000,10.0000000000,10.0000000000,1.0000000000
1.0000000000,14.0000000000,0.0000238312,10.0000000000,10.0000000000,10.0000000000,1.0000000000
1.0000000000,15.0000000000,0.0000147139,10.0000000000,10.0000000000,10.0000000000,1.0000000000
1.0000000000,16.0000000000,0.0000085588,10.0000000000,10.0000000000,10.0000000000,1.0000000000
1.0000000000,17.0000000000,0.0000047395,10.0000000000,10.0000000000,10.0000000000,1.0000000000
1.0000000000,18.0000000000,0.0000023651,10.0000000000,10.0000000000,10.0000000000,1.0000000000
1.0000000000,19.0000000000,0.0000011763,10.0000000000,10.0000000000,10.0000000000,1.0000000000
1.0000000000,20.0000000000,0.0000005787,10.0000000000,10.0000000000,10.0000000000,1.0000000000
1.0000000000,21.0000000000,0.0000002322,10.0000000000,10.0000000000,10.0000000000,1.0000000000
1.0000000000,22.0000000000,0.0000001019,10.0000000000,10.0000000000,10.0000000000,1.0000000000
1.0000000000,23.0000000000,0.0000000435,10.0000000000,10.0000000000,10.0000000000,1.0000000000
1.0000000000,24.0000000000,0.0000000156,10.0000000000,10.0000000000,10.0000000000,1.0000000000
1.0000000000,25.0000000000,0.0000000011,10.0000000000,10.0000000000,10.0000000000,1.0000000000
1.0000000000,26.0000000000,0.0000000015,10.0000000000,10.0000000000,10.0000000000,1.0000000000
1.0000000000,27.0000000000,0.0000000013,10.0000000000,10.0000000000,10.0000000000,1.0000000000
2.0000000000,0.0000000000,0.0000002187,10.0000000000,10.0000000000,10.0000000000,1.0000000000
2.0000000000,1.0000000000,0.0000021318,10.0000000000,10.0000000000,10.0000000000,1.0000000000
2.0000000000,2.0000000000,0.0000105364,10.0000000000,10.0000000000,10.0000000000,1.0000000000
2.0000000000,3.0000000000,0.0000338985,10.0000000000,10.0000000000,10.0000000000,1.0000000000
2.0000000000,4.0000000000,0.0000799304,10.0000000000,10.0000000000,10.0000000000,1.0000000000
2.0000000000,5.0000000000,0.0001512825,10.0000000000,10.0000000000,10.0000000000,1.0000000000
2.0000000000,6.0000000000,0.0002369659,10.0000000000,10.0000000000,10.0000000000,1.0000000000
2.0000000000,7.0000000000,0.0003159160,10.0000000000,10.0000000000,10.0000000000,1.0000000000
2.0000000000,8.0000000000,0.0003698891,10.0000000000,10.0000000000,10.0000000000,1.0000000000
2.0000000000,9.0000000000,0.0003856785,10.0000000000,10.0000000000,10.0000000000,1.0000000000
2.0000000000,10.0000000000,0.0003613219,10.0000000000,10.0000000000,10.0000000000,1.0000000000
2.0000000000,11.0000000000,0.0003057510,10.0000000000,10.0000000000,10.0000000000,1.0000000000
2.0000000000,12.0000000000,0.0002381619,10.0000000000,10.0000000000,10.0000000000,1.0000000000
2.0000000000,13.0000000000,0.0001708850,10.0000000000,10.0000000000,10.0000000000,1.0000000000
2.0000000000,14.0000000000,0.0001144531,10.0000000000,10.0000000000,10.0000000000,1.0000000000
2.0000000000,15.0000000000,0.0000717095,10.0000000000,10.0000000000,10.0000000000,1.0000000000
2.0000000000,16.0000000000,0.0000416473,10.0000000000,10.0000000000,10.0000000000,1.0000000000
2.0000000000,17.0000000000,0.0000227153,10.0000000000,10.0000000000,10.0000000000,1.0000000000
2.0000000000,18.0000000000,0.0000116007,10.0000000000,10.0000000000,10.0000000000,1.0000000000
2.0000000000,19.0000000000,0.0000056200,10.0000000000,10.0000000000,10.0000000000,1.0000000000
2.0000000000,20.0000000000,0.0000025969,10.0000000000,10.0000000000,10.0000000000,1.0000000000
2.0000000000,21.0000000000,0.0000011373,10.0000000000,10.0000000000,10.0000000000,1.0000000000
2.0000000000,22.0000000000,0.0000004577,10.0000000000,10.0000000000,10.0000000000,1.0000000000
2.0000000000,23.0000000000,0.0000001973,10.0000000000,10.0000000000,10.0000000000,1.0000000000
2.0000000000,24.0000000000,0.0000000585,10.0000000000,10.0000000000,10.0000000000,1.0000000000
2.0000000000,25.0000000000,0.0000000246,10.0000000000,10.0000000000,10.0000000000,1.0000000000
2.0000000000,26.0000000000,0.0000000068,10.0000000000,10.0000000000,10.0000000000,1.0000000000
2.0000000000,27.0000000000,0.0000000024,10.0000000000,10.0000000000,10.0000000000,1.0000000000
2.0000000000,28.0000000000,0.0000000013,10.0000000000,10.0000000000,10.0000000000,1.0000000000
3.0000000000,0.0000000000,0.0000007369,10.0000000000,10.0000000000,10.0000000000,1.0000000000
3.0000000000,1.0000000000,0.0000065164,10.0000000000,10.0000000000,10.0000000000,1.0000000000
3.0000000000,2.0000000000,0.0000314530,10.0000000000,10.0000000000,10.0000000000,1.0000000000
3.0000000000,3.0000000000,0.0001004624,10.0000000000,10.0000000000,10.0000000000,1.0000000000
3.0000000000,4.0000000000,0.0002379275,10.0000000000,10.0000000000,10.0000000000,1.0000000000
3.0000000000,5.0000000000,0.0004481810,10.0000000000,10.0000000000,10.0000000000,1.0000000000
3.0000000000,6.0000000000,0.0007120223,10.0000000000,10.0000000000,10.0000000000,1.0000000000
3.0000000000,7.0000000000,0.0009660075,10.0000000000,10.0000000000,10.0000000000,1.0000000000
3.0000000000,8.0000000000,0.0011413324,10.0000000000,10.0000000000,10.0000000000,1.0000000000
3.0000000000,9.0000000000,0.0011951153,10.0000000000,10.0000000000,10.0000000000,1.0000000000
3.0000000000,10.0000000000,0.0011291006,10.0000000000,10.0000000000,10.0000000000,1.0000000000
3.0000000000,11.0000000000,0.0009709876,10.0000000000,10.0000000000,10.0000000000,1.0000000000
3.0000000000,12.0000000000,0.0007619147,10.0000000000,10.0000000000,10.0000000000,1.0000000000
3.0000000000,13.0000000000,0.0005540479,10.0000000000,10.0000000000,10.0000000000,1.0000000000
3.0000000000,14.0000000000,0.0003742973,10.0000000000,10.0000000000,10.0000000000,1.0000000000
3.0000000000,15.0000000000,0.0002350095,10.0000000000,10.0000000000,10.0000000000,1.0000000000
3.0000000000,16.0000000000,0.0001377835,10.0000000000,10.0000000000,10.0000000000,1.0000000000
3.0000000000,17.0000000000,0.0000763375,10.0000000000,10.0000000000,10.0000000000,1.0000000000
3.0000000000,18.0000000000,0.0000399437,10.0000000000,10.0000000000,10.0000000000,1.0000000000
3.0000000000,19.0000000000,0.0000196727,10.0000000000,10.0000000000,10.0000000000,1.0000000000
3.0000000000,20.0000000000,0.0000091467,10.0000000000,10.0000000000,10.0000000000,1.0000000000
3.0000000000,21.0000000000,0.0000040427,10.0000000000,10.0000000000,10.0000000000,1.0000000000
3.0000000000,22.0000000000,0.0000017484,10.0000000000,10.0000000000,10.0000000000,1.0000000000
3.0000000000,23.0000000000,0.0000007606,10.0000000000,10.0000000000,10.0000000000,1.0000000000
3.0000000000,24.0000000000,0.0000002884,10.0000000000,10.0000000000,10.0000000000,1.0000000000
3.0000000000,25.0000000000,0.0000001135,10.0000000000,10.0000000000,10.0000000000,1.0000000000
3.0000000000,26.0000000000,0.0000000311,10.0000000000,10.0000000000,10.0000000000,1.0000000000
3.0000000000,27.0000000000,0.0000000076,10.0000000000,10.0000000000,10.0000000000,1.0000000000
3.0000000000,28.0000000000,0.0000000019,10.0000000000,10.0000000000,10.0000000000,1.0000000000
4.0000000000,0.0000000000,0.0000014954,10.0000000000,10.0000000000,10.0000000000,1.0000000000
4.0000000000,1.0000000000,0.0000145603,10.0000000000,10.0000000000,10.0000000000,1.0000000000
4.0000000000,2.0000000000,0.0000691484,10.0000000000,10.0000000000,10.0000000000,1.0000000000
4.0000000000,3.0000000000,0.0002223888,10.0000000000,10.0000000000,10.0000000000,1.0000000000
4.0000000000,4.0000000000,0.0005336901,10.0000000000,10.0000000000,10.0000000000,1.0000000000
4.0000000000,5.0000000000,0.0010211872,10.0000000000,10.0000000000,10.0000000000,1.0000000000
4.0000000000,6.0000000000,0.0016341988,10.0000000000,10.0000000000,10.0000000000,1.0000000000
4.0000000000,7.0000000000,0.0022333191,10.0000000000,10.0000000000,10.0000000000,1.0000000000
4.0000000000,8.0000000000,0.0026650691,10.0000000000,10.0000000000,10.0000000000,1.0000000000
4.0000000000,9.0000000000,0.0028186706,10.0000000000,10.0000000000,10.0000000000,1.0000000000
4.0000000000,10.0000000000,0.0026791628,10.0000000000,10.0000000000,10.0000000000,1.0000000000
4.0000000000,11.0000000000,0.0023174938,10.0000000000,10.0000000000,10.0000000000,1.0000000000
4.0000000000,12.0000000000,0.0018358822,10.0000000000,10.0000000000,10.0000000000,1.0000000000
4.0000000000,13.0000000000,0.0013407648,10.0000000000,10.0000000000,10.0000000000,1.0000000000
4.0000000000,14.0000000000,0.0009095822,10.0000000000,10.0000000000,10.0000000000,1.0000000000
4.0000000000,15.0000000000,0.0005758372,10.0000000000,10.0000000000,10.0000000000,1.0000000000
4.0000000000,16.0000000000,0.0003420203,10.0000000000,10.0000000000,10.0000000000,1.0000000000
4.0000000000,17.0000000000,0.0001917337,10.0000000000,10.0000000000,10.0000000000,1.0000000000
4.0000000000,18.0000000000,0.0001002847,10.0000000000,10.0000000000,10.0000000000,1.0000000000
4.0000000000,19.0000000000,0.0000498078,10.0000000000,10.0000000000,10.0000000000,1.0000000000
4.0000000000,20.0000000000,0.0000238912,10.0000000000,10.0000000000,10.0000000000,1.0000000000
4.0000000000,21.0000000000,0.0000107138,10.0000000000,10.0000000000,10.0000000000,1.0000000000
4.0000000000,22.0000000000,0.0000047088,10.0000000000,10.0000000000,10.0000000000,1.0000000000
4.0000000000,23.0000000000,0.0000019556,10.0000000000,10.0000000000,10.0000000000,1.0000000000
4.0000000000,24.0000000000,0.0000007960,10.0000000000,10.0000000000,10.0000000000,1.0000000000
4.0000000000,25.0000000000,0.0000003009,10.0000000000,10.0000000000,10.0000000000,1.0000000000
4.0000000000,26.0000000000,0.0000001314,10.0000000000,10.0000000000,10.0000000000,1.0000000000
4.0000000000,27.0000000000,0.0000000432,10.0000000000,10.0000000000,10.0000000000,1.0000000000
4.0000000000,28.0000000000,0.0000000112,10.0000000000,10.0000000000,10.0000000000,1.0000000000
4.0000000000,29.0000000000,0.0000000013,10.0000000000,10.0000000000,10.0000000000,1.0000000000
4.0000000000,30.0000000000,0.0000000002,10.0000000000,10.0000000000,10.0000000000,1.0000000000
5.0000000000,0.0000000000,0.0000025401,10.0000000000,10.0000000000,10.0000000000,1.0000000000
5.0000000000,1.0000000000,0.0000253245,10.0000000000,10.0000000000,10.0000000000,1.0000000000
5.0000000000,2.0000000000,0.0001228525,10.0000000000,10.0000000000,10.0000000000,1.0000000000
5.0000000000,3.0000000000,0.0003961470,10.0000000000,10.0000000000,10.0000000000,1.0000000000
5.0000000000,4.0000000000,0.0009659301,10.0000000000,10.0000000000,10.0000000000,1.0000000000
5.0000000000,5.0000000000,0.0018726185,10.0000000000,10.0000000000,10.0000000000,1.0000000000
5.0000000000,6.0000000000,0.0030147754,10.0000000000,10.0000000000,10.0000000000,1.0000000000
5.0000000000,7.0000000000,0.0041514589,10.0000000000,10.0000000000,10.0000000000,1.0000000000
5.0000000000,8.0000000000,0.0049923833,10.0000000000,10.0000000000,10.0000000000,1.0000000000
5.0000000000,9.0000000000,0.0053241885,10.0000000000,10.0000000000,10.0000000000,1.0000000000
5.0000000000,10.0000000000,0.0051155482,10.0000000000,10.0000000000,10.0000000000,1.0000000000
5.0000000000,11.0000000000,0.0044642970,10.0000000000,10.0000000000,10.0000000000,1.0000000000
5.0000000000,12.0000000000,0.0035649999,10.0000000000,10.0000000000,10.0000000000,1.0000000000
5.0000000000,13.0000000000,0.0026299171,10.0000000000,10.0000000000,10.0000000000,1.0000000000
5.0000000000,14.0000000000,0.0018012870,10.0000000000,10.0000000000,10.0000000000,1.0000000000
5.0000000000,15.0000000000,0.0011502274,10.0000000000,10.0000000000,10.0000000000,1.0000000000
5.0000000000,16.0000000000,0.0006870800,10.0000000000,10.0000000000,10.0000000000,1.0000000000
5.0000000000,17.0000000000,0.0003870082,10.0000000000,10.0000000000,10.0000000000,1.0000000000
5.0000000000,18.0000000000,0.0002055308,10.0000000000,10.0000000000,10.0000000000,1.0000000000
5.0000000000,19.0000000000,0.0001036502,10.0000000000,10.0000000000,10.0000000000,1.0000000000
5.0000000000,20.0000000000,0.0000491897,10.0000000000,10.0000000000,10.0000000000,1.0000000000
5.0000000000,21.0000000000,0.0000223825,10.0000000000,10.0000000000,10.0000000000,1.0000000000
5.0000000000,22.0000000000,0.0000096080,10.0000000000,10.0000000000,10.0000000000,1.0000000000
5.0000000000,23.0000000000,0.0000040637,10.0000000000,10.0000000000,10.0000000000,1.0000000000
5.0000000000,24.0000000000,0.0000017489,10.0000000000,10.0000000000,10.0000000000,1.0000000000
5.0000000000,25.0000000000,0.0000006545,10.0000000000,10.0000000000,10.0000000000,1.0000000000
5.0000000000,26.0000000000,0.0000002315,10.0000000000,10.0000000000,10.0000000000,1.0000000000
5.0000000000,27.0000000000,0.0000000818,10.0000000000,10.0000000000,10.0000000000,1.0000000000
5.0000000000,28.0000000000,0.0000000324,10.0000000000,10.0000000000,10.0000000000,1.0000000000
5.0000000000,29.0000000000,0.0000000081,10.0000000000,10.0000000000,10.0000000000,1.0000000000
5.0000000000,30.0000000000,0.0000000041,10.0000000000,10.0000000000,10.0000000000,1.0000000000
5.0000000000,31.0000000000,0.0000000020,10.0000000000,10.0000000000,10.0000000000,1.0000000000
5.0000000000,32.0000000000,0.0000000003,10.0000000000,10.0000000000,10.0000000000,1.0000000000
6.0000000000,0.0000000000,0.0000038209,10.0000000000,10.0000000000,10.0000000000,1.0000000000
6.0000000000,1.0000000000,0.0000374242,10.0000000000,10.0000000000,10.0000000000,1.0000000000
6.0000000000,2.0000000000,0.0001835642,10.0000000000,10.0000000000,10.0000000000,1.0000000000
6.0000000000,3.0000000000,0.0005976782,10.0000000000,10.0000000000,10.0000000000,1.0000000000
6.0000000000,4.0000000000,0.0014689657,10.0000000000,10.0000000000,10.0000000000,1.0000000000
6.0000000000,5.0000000000,0.0028660839,10.0000000000,10.0000000000,10.0000000000,1.0000000000
6.0000000000,6.0000000000,0.0046527324,10.0000000000,10.0000000000,10.0000000000,1.0000000000
6.0000000000,7.0000000000,0.0064712299,10.0000000000,10.0000000000,10.0000000000,1.0000000000
6.0000000000,8.0000000000,0.0078587657,10.0000000000,10.0000000000,10.0000000000,1.0000000000
6.0000000000,9.0000000000,0.0084694967,10.0000000000,10.0000000000,10.0000000000,1.0000000000
6.0000000000,10.0000000000,0.0082088939,10.0000000000,10.0000000000,10.0000000000,1.0000000000
6.0000000000,11.0000000000,0.0072203597,10.0000000000,10.0000000000,10.0000000000,1.0000000000
6.0000000000,12.0000000000,0.0058218457,10.0000000000,10.0000000000,10.0000000000,1.0000000000
6.0000000000,13.0000000000,0.0043275041,10.0000000000,10.0000000000,10.0000000000,1.0000000000
6.0000000000,14.0000000000,0.0029834307,10.0000000000,10.0000000000,10.0000000000,1.0000000000
6.0000000000,15.0000000000,0.0019186919,10.0000000000,10.0000000000,10.0000000000,1.0000000000
6.0000000000,16.0000000000,0.0011584656,10.0000000000,10.0000000000,10.0000000000,1.0000000000
6.0000000000,17.0000000000,0.0006587227,10.0000000000,10.0000000000,10.0000000000,1.0000000000
6.0000000000,18.0000000000,0.0003520330,10.0000000000,10.0000000000,10.0000000000,1.0000000000
6.0000000000,19.0000000000,0.0001792795,10.0000000000,10.0000000000,10.0000000000,1.0000000000
6.0000000000,20.0000000000,0.0000864092,10.0000000000,10.0000000000,10.0000000000,1.0000000000
6.0000000000,21.0000000000,0.0000395633,10.0000000000,10.0000000000,10.0000000000,1.0000000000
6.0000000000,22.0000000000,0.0000172419,10.0000000000,10.0000000000,10.0000000000,1.0000000000
6.0000000000,23.0000000000,0.0000071584,10.0000000000,10.0000000000,10.0000000000,1.0000000000
6.0000000000,24.0000000000,0.0000029746,10.0000000000,10.0000000000,10.0000000000,1.0000000000
6.0000000000,25.0000000000,0.0000010974,10.0000000000,10.0000000000,10.0000000000,1.0000000000
6.0000000000,26.0000000000,0.0000004136,10.0000000000,10.0000000000,10.0000000000,1.0000000000
6.0000000000,27.0000000000,0.0000001345,10.0000000000,10.0000000000,10.0000000000,1.0000000000
6.0000000000,28.0000000000,0.0000000590,10.0000000000,10.0000000000,10.0000000000,1.0000000000
6.0000000000,29.0000000000,0.0000000131,10.0000000000,10.0000000000,10.0000000000,1.0000000000
6.0000000000,30.0000000000,0.0000000086,10.0000000000,10.0000000000,10.0000000000,1.0000000000
6.0000000000,31.0000000000,0.0000000018,10.0000000000,10.0000000000,10.0000000000,1.0000000000
6.0000000000,32.0000000000,0.0000000002,10.0000000000,10.0000000000,10.0000000000,1.0000000000
7.0000000000,0.0000000000,0.0000044583,10.0000000000,10.0000000000,10.0000000000,1.0000000000
7.0000000000,1.0000000000,0.0000466316,10.0000000000,10.0000000000,10.0000000000,1.0000000000
7.0000000000,2.0000000000,0.0002356985,10.0000000000,10.0000000000,10.0000000000,1.0000000000
7.0000000000,3.0000000000,0.0007810049,10.0000000000,10.0000000000,10.0000000000,1.0000000000
7.0000000000,4.0000000000,0.0019307900,10.0000000000,10.0000000000,10.0000000000,1.0000000000
7.0000000000,5.0000000000,0.0038016313,10.0000000000,10.0000000000,10.0000000000,1.0000000000
7.0000000000,6.0000000000,0.0062379910,10.0000000000,10.0000000000,10.0000000000,1.0000000000
7.0000000000,7.0000000000,0.0087383134,10.0000000000,10.0000000000,10.0000000000,1.0000000000
7.0000000000,8.0000000000,0.0107124686,10.0000000000,10.0000000000,10.0000000000,1.0000000000
7.0000000000,9.0000000000,0.0116331853,10.0000000000,10.0000000000,10.0000000000,1.0000000000
7.0000000000,10.0000000000,0.0113784189,10.0000000000,10.0000000000,10.0000000000,1.0000000000
7.0000000000,11.0000000000,0.0100989436,10.0000000000,10.0000000000,10.0000000000,1.0000000000
7.0000000000,12.0000000000,0.0082077326,10.0000000000,10.0000000000,10.0000000000,1.0000000000
7.0000000000,13.0000000000,0.0061546720,10.0000000000,10.0000000000,10.0000000000,1.0000000000
7.0000000000,14.0000000000,0.0042809176,10.0000000000,10.0000000000,10.0000000000,1.0000000000
7.0000000000,15.0000000000,0.0027772156,10.0000000000,10.0000000000,10.0000000000,1.0000000000
7.0000000000,16.0000000000,0.0016893879,10.0000000000,10.0000000000,10.0000000000,1.0000000000
7.0000000000,17.0000000000,0.0009662840,10.0000000000,10.0000000000,10.0000000000,1.0000000000
7.0000000000,18.0000000000,0.0005206042,10.0000000000,10.0000000000,10.0000000000,1.0000000000
7.0000000000,19.0000000000,0.0002667699,10.0000000000,10.0000000000,10.0000000000,1.0000000000
7.0000000000,20.0000000000,0.0001293910,10.0000000000,10.0000000000,10.0000000000,1.0000000000
7.0000000000,21.0000000000,0.0000599613,10.0000000000,10.0000000000,10.0000000000,1.0000000000
7.0000000000,22.0000000000,0.0000263882,10.0000000000,10.0000000000,10.0000000000,1.0000000000
7.0000000000,23.0000000000,0.0000114700,10.0000000000,10.0000000000,10.0000000000,1.0000000000
7.0000000000,24.0000000000,0.0000044926,10.0000000000,10.0000000000,10.0000000000,1.0000000000
7.0000000000,25.0000000000,0.0000018268,10.0000000000,10.0000000000,10.0000000000,1.0000000000
7.0000000000,26.0000000000,0.0000006899,10.0000000000,10.0000000000,10.0000000000,1.0000000000
7.0000000000,27.0000000000,0.0000002341,10.0000000000,10.0000000000,10.0000000000,1.0000000000
7.0000000000,28.0000000000,0.0000000871,10.0000000000,10.0000000000,10.0000000000,1.0000000000
7.0000000000,29.0000000000,0.0000000384,10.0000000000,10.0000000000,10.0000000000,1.0000000000
7.0000000000,30.0000000000,0.0000000095,10.0000000000,10.0000000000,10.0000000000,1.0000000000
7.0000000000,31.0000000000,0.0000000009,10.0000000000,10.0000000000,10.0000000000,1.0000000000
7.0000000000,32.0000000000,0.0000000006,10.0000000000,10.0000000000,10.0000000000,1.0000000000
8.0000000000,0.0000000000,0.0000053499,10.0000000000,10.0000000000,10.0000000000,1.0000000000
8.0000000000,1.0000000000,0.0000539206,10.0000000000,10.0000000000,10.0000000000,1.0000000000
8.0000000000,2.0000000000,0.0002677914,10.0000000000,10.0000000000,10.0000000000,1.0000000000
8.0000000000,3.0000000000,0.0008939178,10.0000000000,10.0000000000,10.0000000000,1.0000000000
8.0000000000,4.0000000000,0.0022333539,10.0000000000,10.0000000000,10.0000000000,1.0000000000
8.0000000000,5.0000000000,0.0044364589,10.0000000000,10.0000000000,10.0000000000,1.0000000000
8.0000000000,6.0000000000,0.0073372681,10.0000000000,10.0000000000,10.0000000000,1.0000000000
8.0000000000,7.0000000000,0.0103850416,10.0000000000,10.0000000000,10.0000000000,1.0000000000
8.0000000000,8.0000000000,0.0128453963,10.0000000000,10.0000000000,10.0000000000,1.0000000000
8.0000000000,9.0000000000,0.0140845001,10.0000000000,10.0000000000,10.0000000000,1.0000000000
8.0000000000,10.0000000000,0.0138839964,10.0000000000,10.0000000000,10.0000000000,1.0000000000
8.0000000000,11.0000000000,0.0124252875,10.0000000000,10.0000000000,10.0000000000,1.0000000000
8.0000000000,12.0000000000,0.0101902014,10.0000000000,10.0000000000,10.0000000000,1.0000000000
8.0000000000,13.0000000000,0.0077058363,10.0000000000,10.0000000000,10.0000000000,1.0000000000
8.0000000000,14.0000000000,0.0054112678,10.0000000000,10.0000000000,10.0000000000,1.0000000000
8.0000000000,15.0000000000,0.0035452743,10.0000000000,10.0000000000,10.0000000000,1.0000000000
8.0000000000,16.0000000000,0.0021715398,10.0000000000,10.0000000000,10.0000000000,1.0000000000
8.0000000000,17.0000000000,0.0012512276,10.0000000000,10.0000000000,10.0000000000,1.0000000000
8.0000000000,18.0000000000,0.0006815773,10.0000000000,10.0000000000,10.0000000000,1.0000000000
8.0000000000,19.0000000000,0.0003519037,10.0000000000,10.0000000000,10.0000000000,1.0000000000
8.0000000000,20.0000000000,0.0001730583,10.0000000000,10.0000000000,10.0000000000,1.0000000000
8.0000000000,21.0000000000,0.0000806496,10.0000000000,10.0000000000,10.0000000000,1.0000000000
8.0000000000,22.0000000000,0.0000359881,10.0000000000,10.0000000000,10.0000000000,1.0000000000
8.0000000000,23.0000000000,0.0000156909,10.0000000000,10.0000000000,10.0000000000,1.0000000000
8.0000000000,24.0000000000,0.0000063656,10.0000000000,10.0000000000,10.0000000000,1.0000000000
8.0000000000,25.0000000000,0.0000024323,10.0000000000,10.0000000000,10.0000000000,1.0000000000
8.0000000000,26.0000000000,0.0000009269,10.0000000000,10.0000000000,10.0000000000,1.0000000000
8.0000000000,27.0000000000,0.0000003074,10.0000000000,10.0000000000,10.0000000000,1.0000000000
8.0000000000,28.0000000000,0.0000001394,10.0000000000,10.0000000000,10.0000000000,1.0000000000
8.0000000000,29.0000000000,0.0000000638,10.0000000000,10.0000000000,10.0000000000,1.0000000000
8.0000000000,30.0000000000,0.0000000134,10.0000000000,10.0000000000,10.0000000000,1.0000000000
8.0000000000,31.0000000000,0.0000000034,10.0000000000,10.0000000000,10.0000000000,1.0000000000
8.0000000000,32.0000000000,0.0000000008,10.0000000000,10.0000000000,10.0000000000,1.0000000000
9.0000000000,0.0000000000,0.0000053138,10.0000000000,10.0000000000,10.0000000000,1.0000000000
9.0000000000,1.0000000000,0.0000535455,10.0000000000,10.0000000000,10.0000000000,1.0000000000
9.0000000000,2.0000000000,0.0002730505,10.0000000000,10.0000000000,10.0000000000,1.0000000000
9.0000000000,3.0000000000,0.0009199989,10.0000000000,10.0000000000,10.0000000000,1.0000000000
9.0000000000,4.0000000000,0.0023193478,10.0000000000,10.0000000000,10.0000000000,1.0000000000
9.0000000000,5.0000000000,0.0046589870,10.0000000000,10.0000000000,10.0000000000,1.0000000000
9.0000000000,6.0000000000,0.0077674507,10.0000000000,10.0000000000,10.0000000000,1.0000000000
9.0000000000,7.0000000000,0.0110818965,10.0000000000,10.0000000000,10.0000000000,1.0000000000
9.0000000000,8.0000000000,0.0138103004,10.0000000000,10.0000000000,10.0000000000,1.0000000000
9.0000000000,9.0000000000,0.0152843905,10.0000000000,10.0000000000,10.0000000000,1.0000000000
9.0000000000,10.0000000000,0.0151929517,10.0000000000,10.0000000000,10.0000000000,1.0000000000
9.0000000000,11.0000000000,0.0137234988,10.0000000000,10.0000000000,10.0000000000,1.0000000000
9.0000000000,12.0000000000,0.0113526342,10.0000000000,10.0000000000,10.0000000000,1.0000000000
9.0000000000,13.0000000000,0.0086566891,10.0000000000,10.0000000000,10.0000000000,1.0000000000
9.0000000000,14.0000000000,0.0061213736,10.0000000000,10.0000000000,10.0000000000,1.0000000000
9.0000000000,15.0000000000,0.0040381285,10.0000000000,10.0000000000,10.0000000000,1.0000000000
9.0000000000,16.0000000000,0.0024993278,10.0000000000,10.0000000000,10.0000000000,1.0000000000
9.0000000000,17.0000000000,0.0014516990,10.0000000000,10.0000000000,10.0000000000,1.0000000000
9.0000000000,18.0000000000,0.0007989942,10.0000000000,10.0000000000,10.0000000000,1.0000000000
9.0000000000,19.0000000000,0.0004151910,10.0000000000,10.0000000000,10.0000000000,1.0000000000
9.0000000000,20.0000000000,0.0002042897,10.0000000000,10.0000000000,10.0000000000,1.0000000000
9.0000000000,21.0000000000,0.0000955540,10.0000000000,10.0000000000,10.0000000000,1.0000000000
9.0000000000,22.0000000000,0.0000431021,10.0000000000,10.0000000000,10.0000000000,1.0000000000
9.0000000000,23.0000000000,0.0000184087,10.0000000000,10.0000000000,10.0000000000,1.0000000000
9.0000000000,24.0000000000,0.0000075263,10.0000000000,10.0000000000,10.0000000000,1.0000000000
9.0000000000,25.0000000000,0.0000030258,10.0000000000,10.0000000000,10.0000000000,1.0000000000
9.0000000000,26.0000000000,0.0000011339,10.0000000000,10.0000000000,10.0000000000,1.0000000000
9.0000000000,27.0000000000,0.0000004064,10.0000000000,10.0000000000,10.0000000000,1.0000000000
9.0000000000,28.0000000000,0.0000001187,10.0000000000,10.0000000000,10.0000000000,1.0000000000
9.0000000000,29.0000000000,0.0000000353,10.0000000000,10.0000000000,10.0000000000,1.0000000000
9.0000000000,30.0000000000,0.0000000197,10.0000000000,10.0000000000,10.0000000000,1.0000000000
9.0000000000,31.0000000000,0.0000000031,10.0000000000,10.0000000000,10.0000000000,1.0000000000
10.0000000000,0.0000000000,0.0000047597,10.0000000000,10.0000000000,10.0000000000,1.0000000000
10.0000000000,1.0000000000,0.0000490170,10.0000000000,10.0000000000,10.0000000000,1.0000000000
10.0000000000,2.0000000000,0.0002537239,10.0000000000,10.0000000000,10.0000000000,1.0000000000
10.0000000000,3.0000000000,0.0008595174,10.0000000000,10.0000000000,10.0000000000,1.0000000000
10.0000000000,4.0000000000,0.0021805387,10.0000000000,10.0000000000,10.0000000000,1.0000000000
10.0000000000,5.0000000000,0.0044192675,10.0000000000,10.0000000000,10.0000000000,1.0000000000
10.0000000000,6.0000000000,0.0074374021,10.0000000000,10.0000000000,10.0000000000,1.0000000000
10.0000000000,7.0000000000,0.0106994994,10.0000000000,10.0000000000,10.0000000000,1.0000000000
10.0000000000,8.0000000000,0.0134802713,10.0000000000,10.0000000000,10.0000000000,1.0000000000
10.0000000000,9.0000000000,0.0150295237,10.0000000000,10.0000000000,10.0000000000,1.0000000000
10.0000000000,10.0000000000,0.0150838342,10.0000000000,10.0000000000,10.0000000000,1.0000000000
10.0000000000,11.0000000000,0.0137243823,10.0000000000,10.0000000000,10.0000000000,1.0000000000
10.0000000000,12.0000000000,0.0114557812,10.0000000000,10.0000000000,10.0000000000,1.0000000000
10.0000000000,13.0000000000,0.0088132602,10.0000000000,10.0000000000,10.0000000000,1.0000000000
10.0000000000,14.0000000000,0.0062841216,10.0000000000,10.0000000000,10.0000000000,1.0000000000
10.0000000000,15.0000000000,0.0041880400,10.0000000000,10.0000000000,10.0000000000,1.0000000000
10.0000000000,16.0000000000,0.0026079128,10.0000000000,10.0000000000,10.0000000000,1.0000000000
10.0000000000,17.0000000000,0.0015316843,10.0000000000,10.0000000000,10.0000000000,1.0000000000
10.0000000000,18.0000000000,0.0008470432,10.0000000000,10.0000000000,10.0000000000,1.0000000000
10.0000000000,19.0000000000,0.0004419548,10.0000000000,10.0000000000,10.0000000000,1.0000000000
10.0000000000,20.0000000000,0.0002195177,10.0000000000,10.0000000000,10.0000000000,1.0000000000
10.0000000000,21.0000000000,0.0001041142,10.0000000000,10.0000000000,10.0000000000,1.0000000000
10.0000000000,22.0000000000,0.0000471644,10.0000000000,10.0000000000,10.0000000000,1.0000000000
10.0000000000,23.0000000000,0.0000200835,10.0000000000,10.0000000000,10.0000000000,1.0000000000
10.0000000000,24.0000000000,0.0000083139,10.0000000000,10.0000000000,10.0000000000,1.0000000000
10.0000000000,25.0000000000,0.0000033767,10.0000000000,10.0000000000,10.0000000000,1.0000000000
10.0000000000,26.0000000000,0.0000013241,10.0000000000,10.0000000000,10.0000000000,1.0000000000
10.0000000000,27.0000000000,0.0000004847,10.0000000000,10.0000000000,10.0000000000,1.0000000000
10.0000000000,28.0000000000,0.0000001807,10.0000000000,10.0000000000,10.0000000000,1.0000000000
10.0000000000,29.0000000000,0.0000000514,10.0000000000,10.0000000000,10.0000000000,1.0000000000
10.0000000000,30.0000000000,0.0000000209,10.0000000000,10.0000000000,10.0000000000,1.0000000000
10.0000000000,31.0000000000,0.0000000062,10.0000000000,10.0000000000,10.0000000000,1.0000000000
10.0000000000,32.0000000000,0.0000000014,10.0000000000,10.0000000000,10.0000000000,1.0000000000
11.0000000000,0.0000000000,0.0000039787,10.0000000000,10.0000000000,10.0000000000,1.0000000000
11.0000000000,1.0000000000,0.0000413246,10.0000000000,10.0000000000,10.0000000000,1.0000000000
11.0000000000,2.0000000000,0.0002131756,10.0000000000,10.0000000000,10.0000000000,1.0000000000
11.0000000000,3.0000000000,0.0007336221,10.0000000000,10.0000000000,10.0000000000,1.0000000000
11.0000000000,4.0000000000,0.0018772400,10.0000000000,10.0000000000,10.0000000000,1.0000000000
11.0000000000,5.0000000000,0.0038539362,10.0000000000,10.0000000000,10.0000000000,1.0000000000
11.0000000000,6.0000000000,0.0065383364,10.0000000000,10.0000000000,10.0000000000,1.0000000000
11.0000000000,7.0000000000,0.0094988799,10.0000000000,10.0000000000,10.0000000000,1.0000000000
11.0000000000,8.0000000000,0.0120490158,10.0000000000,10.0000000000,10.0000000000,1.0000000000
11.0000000000,9.0000000000,0.0135596226,10.0000000000,10.0000000000,10.0000000000,1.0000000000
11.0000000000,10.0000000000,0.0137225463,10.0000000000,10.0000000000,10.0000000000,1.0000000000
11.0000000000,11.0000000000,0.0125901868,10.0000000000,10.0000000000,10.0000000000,1.0000000000
11.0000000000,12.0000000000,0.0105889286,10.0000000000,10.0000000000,10.0000000000,1.0000000000
11.0000000000,13.0000000000,0.0082107612,10.0000000000,10.0000000000,10.0000000000,1.0000000000
11.0000000000,14.0000000000,0.0059067615,10.0000000000,10.0000000000,10.0000000000,1.0000000000
11.0000000000,15.0000000000,0.0039620863,10.0000000000,10.0000000000,10.0000000000,1.0000000000
11.0000000000,16.0000000000,0.0024837760,10.0000000000,10.0000000000,10.0000000000,1.0000000000
11.0000000000,17.0000000000,0.0014683979,10.0000000000,10.0000000000,10.0000000000,1.0000000000
11.0000000000,18.0000000000,0.0008188078,10.0000000000,10.0000000000,10.0000000000,1.0000000000
11.0000000000,19.0000000000,0.0004324590,10.0000000000,10.0000000000,10.0000000000,1.0000000000
11.0000000000,20.0000000000,0.0002169991,10.0000000000,10.0000000000,10.0000000000,1.0000000000
11.0000000000,21.0000000000,0.0001032733,10.0000000000,10.0000000000,10.0000000000,1.0000000000
11.0000000000,22.0000000000,0.0000473796,10.0000000000,10.0000000000,10.0000000000,1.0000000000
11.0000000000,23.0000000000,0.0000207770,10.0000000000,10.0000000000,10.0000000000,1.0000000000
11.0000000000,24.0000000000,0.0000087522,10.0000000000,10.0000000000,10.0000000000,1.0000000000
11.0000000000,25.0000000000,0.0000034349,10.0000000000,10.0000000000,10.0000000000,1.0000000000
11.0000000000,26.0000000000,0.0000013214,10.0000000000,10.0000000000,10.0000000000,1.0000000000
11.0000000000,27.0000000000,0.0000004878,10.0000000000,10.0000000000,10.0000000000,1.0000000000
11.0000000000,28.0000000000,0.0000002104,10.0000000000,10.0000000000,10.0000000000,1.0000000000
11.0000000000,29.0000000000,0.0000000555,10.0000000000,10.0000000000,10.0000000000,1.0000000000
11.0000000000,30.0000000000,0.0000000226,10.0000000000,10.0000000000,10.0000000000,1.0000000000
11.0000000000,31.0000000000,0.0000000102,10.0000000000,10.0000000000,10.0000000000,1.0000000000
11.0000000000,32.0000000000,0.0000000035,10.0000000000,10.0000000000,10.0000000000,1.0000000000
11.0000000000,33.0000000000,0.0000000003,10.0000000000,10.0000000000,10.0000000000,1.0000000000
12.0000000000,0.0000000000,0.0000030590,10.0000000000,10.0000000000,10.0000000000,1.0000000000
12.0000000000,1.0000000000,0.0000326656,10.0000000000,10.0000000000,10.0000000000,1.0000000000
12.0000000000,2.0000000000,0.0001679543,10.0000000000,10.0000000000,10.0000000000,1.0000000000
12.0000000000,3.0000000000,0.0005819933,10.0000000000,10.0000000000,10.0000000000,1.0000000000
12.0000000000,4.0000000000,0.0015075301,10.0000000000,10.0000000000,10.0000000000,1.0000000000
12.0000000000,5.0000000000,0.0031011001,10.0000000000,10.0000000000,10.0000000000,1.0000000000
12.0000000000,6.0000000000,0.0053103619,10.0000000000,10.0000000000,10.0000000000,1.0000000000
12.0000000000,7.0000000000,0.0077774507,10.0000000000,10.0000000000,10.0000000000,1.0000000000
12.0000000000,8.0000000000,0.0099461636,10.0000000000,10.0000000000,10.0000000000,1.0000000000
12.0000000000,9.0000000000,0.0112908998,10.0000000000,10.0000000000,10.0000000000,1.0000000000
12.0000000000,10.0000000000,0.0115098000,10.0000000000,10.0000000000,10.0000000000,1.0000000000
12.0000000000,11.0000000000,0.0106609111,10.0000000000,10.0000000000,10.0000000000,1.0000000000
12.0000000000,12.0000000000,0.0090467513,10.0000000000,10.0000000000,10.0000000000,1.0000000000
12.0000000000,13.0000000000,0.0070676417,10.0000000000,10.0000000000,10.0000000000,1.0000000000
12.0000000000,14.0000000000,0.0051270738,10.0000000000,10.0000000000,10.0000000000,1.0000000000
12.0000000000,15.0000000000,0.0034661522,10.0000000000,10.0000000000,10.0000000000,1.0000000000
12.0000000000,16.0000000000,0.0021915500,10.0000000000,10.0000000000,10.0000000000,1.0000000000
12.0000000000,17.0000000000,0.0013047146,10.0000000000,10.0000000000,10.0000000000,1.0000000000
12.0000000000,18.0000000000,0.0007331283,10.0000000000,10.0000000000,10.0000000000,1.0000000000
12.0000000000,19.0000000000,0.0003895846,10.0000000000,10.0000000000,10.0000000000,1.0000000000
12.0000000000,20.0000000000,0.0001964780,10.0000000000,10.0000000000,10.0000000000,1.0000000000
12.0000000000,21.0000000000,0.0000955988,10.0000000000,10.0000000000,10.0000000000,1.0000000000
12.0000000000,22.0000000000,0.0000438771,10.0000000000,10.0000000000,10.0000000000,1.0000000000
12.0000000000,23.0000000000,0.0000194372,10.0000000000,10.0000000000,10.0000000000,1.0000000000
12.0000000000,24.0000000000,0.0000081575,10.0000000000,10.0000000000,10.0000000000,1.0000000000
12.0000000000,25.0000000000,0.0000033057,10.0000000000,10.0000000000,10.0000000000,1.0000000000
12.0000000000,26.0000000000,0.0000013383,10.0000000000,10.0000000000,10.0000000000,1.0000000000
12.0000000000,27.0000000000,0.0000005026,10.0000000000,10.0000000000,10.0000000000,1.0000000000
12.0000000000,28.0000000000,0.0000001905,10.0000000000,10.0000000000,10.0000000000,1.0000000000
12.0000000000,29.0000000000,0.0000000603,10.0000000000,10.0000000000,10.0000000000,1.0000000000
12.0000000000,30.0000000000,0.0000000275,10.0000000000,10.0000000000,10.0000000000,1.0000000000
12.0000000000,31.0000000000,0.0000000112,10.0000000000,10.0000000000,10.0000000000,1.0000000000
12.0000000000,32.0000000000,0.0000000053,10.0000000000,10.0000000000,10.0000000000,1.0000000000
12.0000000000,33.0000000000,0.0000000028,10.0000000000,10.0000000000,10.0000000000,1.0000000000
13.0000000000,0.0000000000,0.0000022985,10.0000000000,10.0000000000,10.0000000000,1.0000000000
13.0000000000,1.0000000000,0.0000231980,10.0000000000,10.0000000000,10.0000000000,1.0000000000
13.0000000000,2.0000000000,0.0001226450,10.0000000000,10.0000000000,10.0000000000,1.0000000000
13.0000000000,3.0000000000,0.0004289149,10.0000000000,10.0000000000,10.0000000000,1.0000000000
13.0000000000,4.0000000000,0.0011158013,10.0000000000,10.0000000000,10.0000000000,1.0000000000
13.0000000000,5.0000000000,0.0023223246,10.0000000000,10.0000000000,10.0000000000,1.0000000000
13.0000000000,6.0000000000,0.0040044936,10.0000000000,10.0000000000,10.0000000000,1.0000000000
13.0000000000,7.0000000000,0.0059168273,10.0000000000,10.0000000000,10.0000000000,1.0000000000
13.0000000000,8.0000000000,0.0076336580,10.0000000000,10.0000000000,10.0000000000,1.0000000000
13.0000000000,9.0000000000,0.0087383859,10.0000000000,10.0000000000,10.0000000000,1.0000000000
13.0000000000,10.0000000000,0.0089952236,10.0000000000,10.0000000000,10.0000000000,1.0000000000
13.0000000000,11.0000000000,0.0084031967,10.0000000000,10.0000000000,10.0000000000,1.0000000000
13.0000000000,12.0000000000,0.0071826852,10.0000000000,10.0000000000,10.0000000000,1.0000000000
13.0000000000,13.0000000000,0.0056622065,10.0000000000,10.0000000000,10.0000000000,1.0000000000
13.0000000000,14.0000000000,0.0041332058,10.0000000000,10.0000000000,10.0000000000,1.0000000000
13.0000000000,15.0000000000,0.0028170980,10.0000000000,10.0000000000,10.0000000000,1.0000000000
13.0000000000,16.0000000000,0.0017988302,10.0000000000,10.0000000000,10.0000000000,1.0000000000
13.0000000000,17.0000000000,0.0010795269,10.0000000000,10.0000000000,10.0000000000,1.0000000000
13.0000000000,18.0000000000,0.0006108425,10.0000000000,10.0000000000,10.0000000000,1.0000000000
13.0000000000,19.0000000000,0.0003278334,10.0000000000,10.0000000000,10.0000000000,1.0000000000
13.0000000000,20.0000000000,0.0001663668,10.0000000000,10.0000000000,10.0000000000,1.0000000000
13.0000000000,21.0000000000,0.0000806783,10.0000000000,10.0000000000,10.0000000000,1.0000000000
13.0000000000,22.0000000000,0.0000374250,10.0000000000,10.0000000000,10.0000000000,1.0000000000
13.0000000000,23.0000000000,0.0000165500,10.0000000000,10.0000000000,10.0000000000,1.0000000000
13.0000000000,24.0000000000,0.0000069670,10.0000000000,10.0000000000,10.0000000000,1.0000000000
13.0000000000,25.0000000000,0.0000028334,10.0000000000,10.0000000000,10.0000000000,1.0000000000
13.0000000000,26.0000000000,0.0000010717,10.0000000000,10.0000000000,10.0000000000,1.0000000000
13.0000000000,27.0000000000,0.0000003951,10.0000000000,10.0000000000,10.0000000000,1.0000000000
13.0000000000,28.0000000000,0.0000001468,10.0000000000,10.0000000000,10.0000000000,1.0000000000
13.0000000000,29.0000000000,0.0000000613,10.0000000000,10.0000000000,10.0000000000,1.0000000000
13.0000000000,30.0000000000,0.0000000142,10.0000000000,10.0000000000,10.0000000000,1.0000000000
13.0000000000,31.0000000000,0.0000000037,10.0000000000,10.0000000000,10.0000000000,1.0000000000
13.0000000000,32.0000000000,0.0000000004,10.0000000000,10.0000000000,10.0000000000,1.0000000000
14.0000000000,0.0000000000,0.0000015338,10.0000000000,10.0000000000,10.0000000000,1.0000000000
14.0000000000,1.0000000000,0.0000155570,10.0000000000,10.0000000000,10.0000000000,1.0000000000
14.0000000000,2.0000000000,0.0000839833,10.0000000000,10.0000000000,10.0000000000,1.0000000000
14.0000000000,3.0000000000,0.0002966757,10.0000000000,10.0000000000,10.0000000000,1.0000000000
14.0000000000,4.0000000000,0.0007773105,10.0000000000,10.0000000000,10.0000000000,1.0000000000
14.0000000000,5.0000000000,0.0016256767,10.0000000000,10.0000000000,10.0000000000,1.0000000000
14.0000000000,6.0000000000,0.0028324586,10.0000000000,10.0000000000,10.0000000000,1.0000000000
14.0000000000,7.0000000000,0.0042166620,10.0000000000,10.0000000000,10.0000000000,1.0000000000
14.0000000000,8.0000000000,0.0054918015,10.0000000000,10.0000000000,10.0000000000,1.0000000000
14.0000000000,9.0000000000,0.0063430834,10.0000000000,10.0000000000,10.0000000000,1.0000000000
14.0000000000,10.0000000000,0.0065777385,10.0000000000,10.0000000000,10.0000000000,1.0000000000
14.0000000000,11.0000000000,0.0061956711,10.0000000000,10.0000000000,10.0000000000,1.0000000000
14.0000000000,12.0000000000,0.0053374637,10.0000000000,10.0000000000,10.0000000000,1.0000000000
14.0000000000,13.0000000000,0.0042391859,10.0000000000,10.0000000000,10.0000000000,1.0000000000
14.0000000000,14.0000000000,0.0031187816,10.0000000000,10.0000000000,10.0000000000,1.0000000000
14.0000000000,15.0000000000,0.0021468217,10.0000000000,10.0000000000,10.0000000000,1.0000000000
14.0000000000,16.0000000000,0.0013844614,10.0000000000,10.0000000000,10.0000000000,1.0000000000
14.0000000000,17.0000000000,0.0008350748,10.0000000000,10.0000000000,10.0000000000,1.0000000000
14.0000000000,18.0000000000,0.0004765098,10.0000000000,10.0000000000,10.0000000000,1.0000000000
14.0000000000,19.0000000000,0.0002578873,10.0000000000,10.0000000000,10.0000000000,1.0000000000
14.0000000000,20.0000000000,0.0001322090,10.0000000000,10.0000000000,10.0000000000,1.0000000000
14.0000000000,21.0000000000,0.0000644437,10.0000000000,10.0000000000,10.0000000000,1.0000000000
14.0000000000,22.0000000000,0.0000300627,10.0000000000,10.0000000000,10.0000000000,1.0000000000
14.0000000000,23.0000000000,0.0000133142,10.0000000000,10.0000000000,10.0000000000,1.0000000000
14.0000000000,24.0000000000,0.0000056574,10.0000000000,10.0000000000,10.0000000000,1.0000000000
14.0000000000,25.0000000000,0.0000023040,10.0000000000,10.0000000000,10.0000000000,1.0000000000
14.0000000000,26.0000000000,0.0000008762,10.0000000000,10.0000000000,10.0000000000,1.0000000000
14.0000000000,27.0000000000,0.0000003381,10.0000000000,10.0000000000,10.0000000000,1.0000000000
14.0000000000,28.0000000000,0.0000001229,10.0000000000,10.0000000000,10.0000000000,1.0000000000
14.0000000000,29.0000000000,0.0000000584,10.0000000000,10.0000000000,10.0000000000,1.0000000000
14.0000000000,30.0000000000,0.0000000259,10.0000000000,10.0000000000,10.0000000000,1.0000000000
14.0000000000,31.0000000000,0.0000000081,10.0000000000,10.0000000000,10.0000000000,1.0000000000
14.0000000000,32.0000000000,0.0000000045,10.0000000000,10.0000000000,10.0000000000,1.0000000000
14.0000000000,33.0000000000,0.0000000016,10.0000000000,10.0000000000,10.0000000000,1.0000000000
15.0000000000,0.0000000000,0.0000009611,10.0000000000,10.0000000000,10.0000000000,1.0000000000
15.0000000000,1.0000000000,0.0000100266,10.0000000000,10.0000000000,10.0000000000,1.0000000000
15.0000000000,2.0000000000,0.0000535188,10.0000000000,10.0000000000,10.0000000000,1.0000000000
15.0000000000,3.0000000000,0.0001895791,10.0000000000,10.0000000000,10.0000000000,1.0000000000
15.0000000000,4.0000000000,0.0005068610,10.0000000000,10.0000000000,10.0000000000,1.0000000000
15.0000000000,5.0000000000,0.0010729948,10.0000000000,10.0000000000,10.0000000000,1.0000000000
15.0000000000,6.0000000000,0.0018828586,10.0000000000,10.0000000000,10.0000000000,1.0000000000
15.0000000000,7.0000000000,0.0028266906,10.0000000000,10.0000000000,10.0000000000,1.0000000000
15.0000000000,8.0000000000,0.0037099284,10.0000000000,10.0000000000,10.0000000000,1.0000000000
15.0000000000,9.0000000000,0.0043162513,10.0000000000,10.0000000000,10.0000000000,1.0000000000
15.0000000000,10.0000000000,0.0045103479,10.0000000000,10.0000000000,10.0000000000,1.0000000000
15.0000000000,11.0000000000,0.0042800910,10.0000000000,10.0000000000,10.0000000000,1.0000000000
15.0000000000,12.0000000000,0.0037181765,10.0000000000,10.0000000000,10.0000000000,1.0000000000
15.0000000000,13.0000000000,0.0029747294,10.0000000000,10.0000000000,10.0000000000,1.0000000000
15.0000000000,14.0000000000,0.0022045279,10.0000000000,10.0000000000,10.0000000000,1.0000000000
15.0000000000,15.0000000000,0.0015267209,10.0000000000,10.0000000000,10.0000000000,1.0000000000
15.0000000000,16.0000000000,0.0009923599,10.0000000000,10.0000000000,10.0000000000,1.0000000000
15.0000000000,17.0000000000,0.0006040536,10.0000000000,10.0000000000,10.0000000000,1.0000000000
15.0000000000,18.0000000000,0.0003474383,10.0000000000,10.0000000000,10.0000000000,1.0000000000
15.0000000000,19.0000000000,0.0001896250,10.0000000000,10.0000000000,10.0000000000,1.0000000000
15.0000000000,20.0000000000,0.0000971230,10.0000000000,10.0000000000,10.0000000000,1.0000000000
15.0000000000,21.0000000000,0.0000475906,10.0000000000,10.0000000000,10.0000000000,1.0000000000
15.0000000000,22.0000000000,0.0000221696,10.0000000000,10.0000000000,10.0000000000,1.0000000000
15.0000000000,23.0000000000,0.0000100438,10.0000000000,10.0000000000,10.0000000000,1.0000000000
15.0000000000,24.0000000000,0.0000043596,10.0000000000,10.0000000000,10.0000000000,1.0000000000
15.0000000000,25.0000000000,0.0000017929,10.0000000000,10.0000000000,10.0000000000,1.0000000000
15.0000000000,26.0000000000,0.0000006701,10.0000000000,10.0000000000,10.0000000000,1.0000000000
15.0000000000,27.0000000000,0.0000002482,10.0000000000,10.0000000000,10.0000000000,1.0000000000
15.0000000000,28.0000000000,0.0000000919,10.0000000000,10.0000000000,10.0000000000,1.0000000000
15.0000000000,29.0000000000,0.0000000295,10.0000000000,10.0000000000,10.0000000000,1.0000000000
15.0000000000,30.0000000000,0.0000000110,10.0000000000,10.0000000000,10.0000000000,1.0000000000
15.0000000000,31.0000000000,0.0000000083,10.0000000000,10.0000000000,10.0000000000,1.0000000000
15.0000000000,32.0000000000,0.0000000006,10.0000000000,10.0000000000,10.0000000000,1.0000000000
16.0000000000,0.0000000000,0.0000004731,10.0000000000,10.0000000000,10.0000000000,1.0000000000
16.0000000000,1.0000000000,0.0000057167,10.0000000000,10.0000000000,10.0000000000,1.0000000000
16.0000000000,2.0000000000,0.0000319685,10.0000000000,10.0000000000,10.0000000000,1.0000000000
16.0000000000,3.0000000000,0.0001166758,10.0000000000,10.0000000000,10.0000000000,1.0000000000
16.0000000000,4.0000000000,0.0003117241,10.0000000000,10.0000000000,10.0000000000,1.0000000000
16.0000000000,5.0000000000,0.0006673244,10.0000000000,10.0000000000,10.0000000000,1.0000000000
16.0000000000,6.0000000000,0.0011831518,10.0000000000,10.0000000000,10.0000000000,1.0000000000
16.0000000000,7.0000000000,0.0017913864,10.0000000000,10.0000000000,10.0000000000,1.0000000000
16.0000000000,8.0000000000,0.0023650331,10.0000000000,10.0000000000,10.0000000000,1.0000000000
16.0000000000,9.0000000000,0.0027701695,10.0000000000,10.0000000000,10.0000000000,1.0000000000
16.0000000000,10.0000000000,0.0029216640,10.0000000000,10.0000000000,10.0000000000,1.0000000000
16.0000000000,11.0000000000,0.0027956022,10.0000000000,10.0000000000,10.0000000000,1.0000000000
16.0000000000,12.0000000000,0.0024437910,10.0000000000,10.0000000000,10.0000000000,1.0000000000
16.0000000000,13.0000000000,0.0019716166,10.0000000000,10.0000000000,10.0000000000,1.0000000000
16.0000000000,14.0000000000,0.0014781540,10.0000000000,10.0000000000,10.0000000000,1.0000000000
16.0000000000,15.0000000000,0.0010304687,10.0000000000,10.0000000000,10.0000000000,1.0000000000
16.0000000000,16.0000000000,0.0006728288,10.0000000000,10.0000000000,10.0000000000,1.0000000000
16.0000000000,17.0000000000,0.0004126422,10.0000000000,10.0000000000,10.0000000000,1.0000000000
16.0000000000,18.0000000000,0.0002394839,10.0000000000,10.0000000000,10.0000000000,1.0000000000
16.0000000000,19.0000000000,0.0001319760,10.0000000000,10.0000000000,10.0000000000,1.0000000000
16.0000000000,20.0000000000,0.0000679372,10.0000000000,10.0000000000,10.0000000000,1.0000000000
16.0000000000,21.0000000000,0.0000335703,10.0000000000,10.0000000000,10.0000000000,1.0000000000
16.0000000000,22.0000000000,0.0000158503,10.0000000000,10.0000000000,10.0000000000,1.0000000000
16.0000000000,23.0000000000,0.0000071560,10.0000000000,10.0000000000,10.0000000000,1.0000000000
16.0000000000,24.0000000000,0.0000030761,10.0000000000,10.0000000000,10.0000000000,1.0000000000
16.0000000000,25.0000000000,0.0000012920,10.0000000000,10.0000000000,10.0000000000,1.0000000000
16.0000000000,26.0000000000,0.0000005372,10.0000000000,10.0000000000,10.0000000000,1.0000000000
16.0000000000,27.0000000000,0.0000001628,10.0000000000,10.0000000000,10.0000000000,1.0000000000
16.0000000000,28.0000000000,0.0000000612,10.0000000000,10.0000000000,10.0000000000,1.0000000000
16.0000000000,29.0000000000,0.0000000192,10.0000000000,10.0000000000,10.0000000000,1.0000000000
16.0000000000,30.0000000000,0.0000000039,10.0000000000,10.0000000000,10.0000000000,1.0000000000
16.0000000000,31.0000000000,0.0000000003,10.0000000000,10.0000000000,10.0000000000,1.0000000000
17.0000000000,0.0000000000,0.0000003029,10.0000000000,10.0000000000,10.0000000000,1.0000000000
17.0000000000,1.0000000000,0.0000035089,10.0000000000,10.0000000000,10.0000000000,1.0000000000
17.0000000000,2.0000000000,0.0000194262,10.0000000000,10.0000000000,10.0000000000,1.0000000000
17.0000000000,3.0000000000,0.0000689682,10.0000000000,10.0000000000,10.0000000000,1.0000000000
17.0000000000,4.0000000000,0.0001833228,10.0000000000,10.0000000000,10.0000000000,1.0000000000
17.0000000000,5.0000000000,0.0003926134,10.0000000000,10.0000000000,10.0000000000,1.0000000000
17.0000000000,6.0000000000,0.0007023281,10.0000000000,10.0000000000,10.0000000000,1.0000000000
17.0000000000,7.0000000000,0.0010763530,10.0000000000,10.0000000000,10.0000000000,1.0000000000
17.0000000000,8.0000000000,0.0014333249,10.0000000000,10.0000000000,10.0000000000,1.0000000000
17.0000000000,9.0000000000,0.0016941085,10.0000000000,10.0000000000,10.0000000000,1.0000000000
17.0000000000,10.0000000000,0.0017993129,10.0000000000,10.0000000000,10.0000000000,1.0000000000
17.0000000000,11.0000000000,0.0017358290,10.0000000000,10.0000000000,10.0000000000,1.0000000000
17.0000000000,12.0000000000,0.0015296619,10.0000000000,10.0000000000,10.0000000000,1.0000000000
17.0000000000,13.0000000000,0.0012437680,10.0000000000,10.0000000000,10.0000000000,1.0000000000
17.0000000000,14.0000000000,0.0009385476,10.0000000000,10.0000000000,10.0000000000,1.0000000000
17.0000000000,15.0000000000,0.0006592300,10.0000000000,10.0000000000,10.0000000000,1.0000000000
17.0000000000,16.0000000000,0.0004337154,10.0000000000,10.0000000000,10.0000000000,1.0000000000
17.0000000000,17.0000000000,0.0002672092,10.0000000000,10.0000000000,10.0000000000,1.0000000000
17.0000000000,18.0000000000,0.0001557589,10.0000000000,10.0000000000,10.0000000000,1.0000000000
17.0000000000,19.0000000000,0.0000857832,10.0000000000,10.0000000000,10.0000000000,1.0000000000
17.0000000000,20.0000000000,0.0000451754,10.0000000000,10.0000000000,10.0000000000,1.0000000000
17.0000000000,21.0000000000,0.0000224221,10.0000000000,10.0000000000,10.0000000000,1.0000000000
17.0000000000,22.0000000000,0.0000106107,10.0000000000,10.0000000000,10.0000000000,1.0000000000
17.0000000000,23.0000000000,0.0000048859,10.0000000000,10.0000000000,10.0000000000,1.0000000000
17.0000000000,24.0000000000,0.0000021394,10.0000000000,10.0000000000,10.0000000000,1.0000000000
17.0000000000,25.0000000000,0.0000009634,10.0000000000,10.0000000000,10.0000000000,1.0000000000
17.0000000000,26.0000000000,0.0000003584,10.0000000000,10.0000000000,10.0000000000,1.0000000000
17.0000000000,27.0000000000,0.0000001358,10.0000000000,10.0000000000,10.0000000000,1.0000000000
17.0000000000,28.0000000000,0.0000000498,10.0000000000,10.0000000000,10.0000000000,1.0000000000
17.0000000000,29.0000000000,0.0000000178,10.0000000000,10.0000000000,10.0000000000,1.0000000000
17.0000000000,30.0000000000,0.0000000041,10.0000000000,10.0000000000,10.0000000000,1.0000000000
18.0000000000,0.0000000000,0.0000001817,10.0000000000,10.0000000000,10.0000000000,1.0000000000
18.0000000000,1.0000000000,0.0000018301,10.0000000000,10.0000000000,10.0000000000,1.0000000000
18.0000000000,2.0000000000,0.0000104601,10.0000000000,10.0000000000,10.0000000000,1.0000000000
18.0000000000,3.0000000000,0.0000371939,10.0000000000,10.0000000000,10.0000000000,1.0000000000
18.0000000000,4.0000000000,0.0001028531,10.0000000000,10.0000000000,10.0000000000,1.0000000000
18.0000000000,5.0000000000,0.0002208782,10.0000000000,10.0000000000,10.0000000000,1.0000000000
18.0000000000,6.0000000000,0.0003988445,10.0000000000,10.0000000000,10.0000000000,1.0000000000
18.0000000000,7.0000000000,0.0006131319,10.0000000000,10.0000000000,10.0000000000,1.0000000000
18.0000000000,8.0000000000,0.0008246285,10.0000000000,10.0000000000,10.0000000000,1.0000000000
18.0000000000,9.0000000000,0.0009829662,10.0000000000,10.0000000000,10.0000000000,1.0000000000
18.0000000000,10.0000000000,0.0010522631,10.0000000000,10.0000000000,10.0000000000,1.0000000000
18.0000000000,11.0000000000,0.0010208884,10.0000000000,10.0000000000,10.0000000000,1.0000000000
18.0000000000,12.0000000000,0.0009060456,10.0000000000,10.0000000000,10.0000000000,1.0000000000
18.0000000000,13.0000000000,0.0007425485,10.0000000000,10.0000000000,10.0000000000,1.0000000000
18.0000000000,14.0000000000,0.0005663721,10.0000000000,10.0000000000,10.0000000000,1.0000000000
18.0000000000,15.0000000000,0.0004010192,10.0000000000,10.0000000000,10.0000000000,1.0000000000
18.0000000000,16.0000000000,0.0002652260,10.0000000000,10.0000000000,10.0000000000,1.0000000000
18.0000000000,17.0000000000,0.0001644549,10.0000000000,10.0000000000,10.0000000000,1.0000000000
18.0000000000,18.0000000000,0.0000968051,10.0000000000,10.0000000000,10.0000000000,1.0000000000
18.0000000000,19.0000000000,0.0000541362,10.0000000000,10.0000000000,10.0000000000,1.0000000000
18.0000000000,20.0000000000,0.0000283561,10.0000000000,10.0000000000,10.0000000000,1.0000000000
18.0000000000,21.0000000000,0.0000144376,10.0000000000,10.0000000000,10.0000000000,1.0000000000
18.0000000000,22.0000000000,0.0000068848,10.0000000000,10.0000000000,10.0000000000,1.0000000000
18.0000000000,23.0000000000,0.0000032669,10.0000000000,10.0000000000,10.0000000000,1.0000000000
18.0000000000,24.0000000000,0.0000015056,10.0000000000,10.0000000000,10.0000000000,1.0000000000
18.0000000000,25.0000000000,0.0000006287,10.0000000000,10.0000000000,10.0000000000,1.0000000000
18.0000000000,26.0000000000,0.0000002666,10.0000000000,10.0000000000,10.0000000000,1.0000000000
18.0000000000,27.0000000000,0.0000000862,10.0000000000,10.0000000000,10.0000000000,1.0000000000
18.0000000000,28.0000000000,0.0000000275,10.0000000000,10.0000000000,10.0000000000,1.0000000000
18.0000000000,29.0000000000,0.0000000045,10.0000000000,10.0000000000,10.0000000000,1.0000000000
18.0000000000,30.0000000000,0.0000000016,10.0000000000,10.0000000000,10.0000000000,1.0000000000
19.0000000000,0.0000000000,0.0000000864,10.0000000000,10.0000000000,10.0000000000,1.0000000000
19.0000000000,1.0000000000,0.0000009712,10.0000000000,10.0000000000,10.0000000000,1.0000000000
19.0000000000,2.0000000000,0.0000054503,10.0000000000,10.0000000000,10.0000000000,1.0000000000
19.0000000000,3.0000000000,0.0000198736,10.0000000000,10.0000000000,10.0000000000,1.0000000000
19.0000000000,4.0000000000,0.0000540298,10.0000000000,10.0000000000,10.0000000000,1.0000000000
19.0000000000,5.0000000000,0.0001188561,10.0000000000,10.0000000000,10.0000000000,1.0000000000
19.0000000000,6.0000000000,0.0002150854,10.0000000000,10.0000000000,10.0000000000,1.0000000000
19.0000000000,7.0000000000,0.0003333367,10.0000000000,10.0000000000,10.0000000000,1.0000000000
19.0000000000,8.0000000000,0.0004494578,10.0000000000,10.0000000000,10.0000000000,1.0000000000
19.0000000000,9.0000000000,0.0005428705,10.0000000000,10.0000000000,10.0000000000,1.0000000000
19.0000000000,10.0000000000,0.0005864937,10.0000000000,10.0000000000,10.0000000000,1.0000000000
19.0000000000,11.0000000000,0.0005741993,10.0000000000,10.0000000000,10.0000000000,1.0000000000
19.0000000000,12.0000000000,0.0005151931,10.0000000000,10.0000000000,10.0000000000,1.0000000000
19.0000000000,13.0000000000,0.0004259760,10.0000000000,10.0000000000,10.0000000000,1.0000000000
19.0000000000,14.0000000000,0.0003262131,10.0000000000,10.0000000000,10.0000000000,1.0000000000
19.0000000000,15.0000000000,0.0002334675,10.0000000000,10.0000000000,10.0000000000,1.0000000000
19.0000000000,16.0000000000,0.0001565380,10.0000000000,10.0000000000,10.0000000000,1.0000000000
19.0000000000,17.0000000000,0.0000976052,10.0000000000,10.0000000000,10.0000000000,1.0000000000
19.0000000000,18.0000000000,0.0000578877,10.0000000000,10.0000000000,10.0000000000,1.0000000000
19.0000000000,19.0000000000,0.0000324232,10.0000000000,10.0000000000,10.0000000000,1.0000000000
19.0000000000,20.0000000000,0.0000170081,10.0000000000,10.0000000000,10.0000000000,1.0000000000
19.0000000000,21.0000000000,0.0000088247,10.0000000000,10.0000000000,10.0000000000,1.0000000000
19.0000000000,22.0000000000,0.0000042361,10.0000000000,10.0000000000,10.0000000000,1.0000000000
19.0000000000,23.0000000000,0.0000019786,10.0000000000,10.0000000000,10.0000000000,1.0000000000
19.0000000000,24.0000000000,0.0000009320,10.0000000000,10.0000000000,10.0000000000,1.0000000000
19.0000000000,25.0000000000,0.0000003653,10.0000000000,10.0000000000,10.0000000000,1.0000000000
19.0000000000,26.0000000000,0.0000001406,10.0000000000,10.0000000000,10.0000000000,1.0000000000
19.0000000000,27.0000000000,0.0000000550,10.0000000000,10.0000000000,10.0000000000,1.0000000000
19.0000000000,28.0000000000,0.0000000215,10.0000000000,10.0000000000,10.0000000000,1.0000000000
19.0000000000,29.0000000000,0.0000000036,10.0000000000,10.0000000000,10.0000000000,1.0000000000
19.0000000000,30.0000000000,0.0000000008,10.0000000000,10.0000000000,10.0000000000,1.0000000000
20.0000000000,0.0000000000,0.0000000456,10.0000000000,10.0000000000,10.0000000000,1.0000000000
20.0000000000,1.0000000000,0.0000005003,10.0000000000,10.0000000000,10.0000000000,1.0000000000
20.0000000000,2.0000000000,0.0000028502,10.0000000000,10.0000000000,10.0000000000,1.0000000000
20.0000000000,3.0000000000,0.0000102971,10.0000000000,10.0000000000,10.0000000000,1.0000000000
20.0000000000,4.0000000000,0.0000279342,10.0000000000,10.0000000000,10.0000000000,1.0000000000
20.0000000000,5.0000000000,0.0000607936,10.0000000000,10.0000000000,10.0000000000,1.0000000000
20.0000000000,6.0000000000,0.0001120411,10.0000000000,10.0000000000,10.0000000000,1.0000000000
20.0000000000,7.0000000000,0.0001737400,10.0000000000,10.0000000000,10.0000000000,1.0000000000
20.0000000000,8.0000000000,0.0002389366,10.0000000000,10.0000000000,10.0000000000,1.0000000000
20.0000000000,9.0000000000,0.0002882892,10.0000000000,10.0000000000,10.0000000000,1.0000000000
20.0000000000,10.0000000000,0.0003148490,10.0000000000,10.0000000000,10.0000000000,1.0000000000
20.0000000000,11.0000000000,0.0003099950,10.0000000000,10.0000000000,10.0000000000,1.0000000000
20.0000000000,12.0000000000,0.0002795695,10.0000000000,10.0000000000,10.0000000000,1.0000000000
20.0000000000,13.0000000000,0.0002313800,10.0000000000,10.0000000000,10.0000000000,1.0000000000
20.0000000000,14.0000000000,0.0001794445,10.0000000000,10.0000000000,10.0000000000,1.0000000000
20.0000000000,15.0000000000,0.0001290443,10.0000000000,10.0000000000,10.0000000000,1.0000000000
20.0000000000,16.0000000000,0.0000870830,10.0000000000,10.0000000000,10.0000000000,1.0000000000
20.0000000000,17.0000000000,0.0000551824,10.0000000000,10.0000000000,10.0000000000,1.0000000000
20.0000000000,18.0000000000,0.0000330305,10.0000000000,10.0000000000,10.0000000000,1.0000000000
20.0000000000,19.0000000000,0.0000186158,10.0000000000,10.0000000000,10.0000000000,1.0000000000
20.0000000000,20.0000000000,0.0000101387,10.0000000000,10.0000000000,10.0000000000,1.0000000000
20.0000000000,21.0000000000,0.0000052021,10.0000000000,10.0000000000,10.0000000000,1.0000000000
20.0000000000,22.0000000000,0.0000024511,10.0000000000,10.0000000000,10.0000000000,1.0000000000
20.0000000000,23.0000000000,0.0000011544,10.0000000000,10.0000000000,10.0000000000,1.0000000000
20.0000000000,24.0000000000,0.0000005349,10.0000000000,10.0000000000,10.0000000000,1.0000000000
20.0000000000,25.0000000000,0.0000002126,10.0000000000,10.0000000000,10.0000000000,1.0000000000
20.0000000000,26.0000000000,0.0000000986,10.0000000000,10.0000000000,10.0000000000,1.0000000000
20.0000000000,27.0000000000,0.0000000350,10.0000000000,10.0000000000,10.0000000000,1.0000000000
20.0000000000,28.0000000000,0.0000000132,10.0000000000,10.0000000000,10.0000000000,1.0000000000
20.0000000000,29.0000000000,0.0000000034,10.0000000000,10.0000000000,10.0000000000,1.0000000000
20.0000000000,30.0000000000,0.0000000008,10.0000000000,10.0000000000,10.0000000000,1.0000000000
21.0000000000,0.0000000000,0.0000000260,10.0000000000,10.0000000000,10.0000000000,1.0000000000
21.0000000000,1.0000000000,0.0000002366,10.0000000000,10.0000000000,10.0000000000,1.0000000000
21.0000000000,2.0000000000,0.0000012958,10.0000000000,10.0000000000,10.0000000000,1.0000000000
21.0000000000,3.0000000000,0.0000049182,10.0000000000,10.0000000000,10.0000000000,1.0000000000
21.0000000000,4.0000000000,0.0000135435,10.0000000000,10.0000000000,10.0000000000,1.0000000000
21.0000000000,5.0000000000,0.0000300935,10.0000000000,10.0000000000,10.0000000000,1.0000000000
21.0000000000,6.0000000000,0.0000553785,10.0000000000,10.0000000000,10.0000000000,1.0000000000
21.0000000000,7.0000000000,0.0000869118,10.0000000000,10.0000000000,10.0000000000,1.0000000000
21.0000000000,8.0000000000,0.0001199152,10.0000000000,10.0000000000,10.0000000000,1.0000000000
21.0000000000,9.0000000000,0.0001466393,10.0000000000,10.0000000000,10.0000000000,1.0000000000
21.0000000000,10.0000000000,0.0001611475,10.0000000000,10.0000000000,10.0000000000,1.0000000000
21.0000000000,11.0000000000,0.0001591404,10.0000000000,10.0000000000,10.0000000000,1.0000000000
21.0000000000,12.0000000000,0.0001452152,10.0000000000,10.0000000000,10.0000000000,1.0000000000
21.0000000000,13.0000000000,0.0001214730,10.0000000000,10.0000000000,10.0000000000,1.0000000000
21.0000000000,14.0000000000,0.0000947898,10.0000000000,10.0000000000,10.0000000000,1.0000000000
21.0000000000,15.0000000000,0.0000687185,10.0000000000,10.0000000000,10.0000000000,1.0000000000
21.0000000000,16.0000000000,0.0000469488,10.0000000000,10.0000000000,10.0000000000,1.0000000000
21.0000000000,17.0000000000,0.0000300423,10.0000000000,10.0000000000,10.0000000000,1.0000000000
21.0000000000,18.0000000000,0.0000178793,10.0000000000,10.0000000000,10.0000000000,1.0000000000
21.0000000000,19.0000000000,0.0000101029,10.0000000000,10.0000000000,10.0000000000,1.0000000000
21.0000000000,20.0000000000,0.0000054344,10.0000000000,10.0000000000,10.0000000000,1.0000000000
21.0000000000,21.0000000000,0.0000028517,10.0000000000,10.0000000000,10.0000000000,1.0000000000
21.0000000000,22.0000000000,0.0000014051,10.0000000000,10.0000000000,10.0000000000,1.0000000000
21.0000000000,23.0000000000,0.0000006589,10.0000000000,10.0000000000,10.0000000000,1.0000000000
21.0000000000,24.0000000000,0.0000002974,10.0000000000,10.0000000000,10.0000000000,1.0000000000
21.0000000000,25.0000000000,0.0000001628,10.0000000000,10.0000000000,10.0000000000,1.0000000000
21.0000000000,26.0000000000,0.0000000531,10.0000000000,10.0000000000,10.0000000000,1.0000000000
21.0000000000,27.0000000000,0.0000000306,10.0000000000,10.0000000000,10.0000000000,1.0000000000
21.0000000000,28.0000000000,0.0000000120,10.0000000000,10.0000000000,10.0000000000,1.0000000000
21.0000000000,29.0000000000,0.0000000011,10.0000000000,10.0000000000,10.0000000000,1.0000000000
22.0000000000,0.0000000000,0.0000000080,10.0000000000,10.0000000000,10.0000000000,1.0000000000
22.0000000000,1.0000000000,0.0000001092,10.0000000000,10.0000000000,10.0000000000,1.0000000000
22.0000000000,2.0000000000,0.0000005937,10.0000000000,10.0000000000,10.0000000000,1.0000000000
22.0000000000,3.0000000000,0.0000022364,10.0000000000,10.0000000000,10.0000000000,1.0000000000
22.0000000000,4.0000000000,0.0000061681,10.0000000000,10.0000000000,10.0000000000,1.0000000000
22.0000000000,5.0000000000,0.0000139715,10.0000000000,10.0000000000,10.0000000000,1.0000000000
22.0000000000,6.0000000000,0.0000255605,10.0000000000,10.0000000000,10.0000000000,1.0000000000
22.0000000000,7.0000000000,0.0000411894,10.0000000000,10.0000000000,10.0000000000,1.0000000000
22.0000000000,8.0000000000,0.0000577507,10.0000000000,10.0000000000,10.0000000000,1.0000000000
22.0000000000,9.0000000000,0.0000715565,10.0000000000,10.0000000000,10.0000000000,1.0000000000
22.0000000000,10.0000000000,0.0000793376,10.0000000000,10.0000000000,10.0000000000,1.0000000000
22.0000000000,11.0000000000,0.0000796274,10.0000000000,10.0000000000,10.0000000000,1.0000000000
22.0000000000,12.0000000000,0.0000719539,10.0000000000,10.0000000000,10.0000000000,1.0000000000
22.0000000000,13.0000000000,0.0000615244,10.0000000000,10.0000000000,10.0000000000,1.0000000000
22.0000000000,14.0000000000,0.0000476409,10.0000000000,10.0000000000,10.0000000000,1.0000000000
22.0000000000,15.0000000000,0.0000350296,10.0000000000,10.0000000000,10.0000000000,1.0000000000
22.0000000000,16.0000000000,0.0000240922,10.0000000000,10.0000000000,10.0000000000,1.0000000000
22.0000000000,17.0000000000,0.0000153907,10.0000000000,10.0000000000,10.0000000000,1.0000000000
22.0000000000,18.0000000000,0.0000092484,10.0000000000,10.0000000000,10.0000000000,1.0000000000
22.0000000000,19.0000000000,0.0000052240,10.0000000000,10.0000000000,10.0000000000,1.0000000000
22.0000000000,20.0000000000,0.0000028909,10.0000000000,10.0000000000,10.0000000000,1.0000000000
22.0000000000,21.0000000000,0.0000014377,10.0000000000,10.0000000000,10.0000000000,1.0000000000
22.0000000000,22.0000000000,0.0000006902,10.0000000000,10.0000000000,10.0000000000,1.0000000000
22.0000000000,23.0000000000,0.0000003469,10.0000000000,10.0000000000,10.0000000000,1.0000000000
22.0000000000,24.0000000000,0.0000001522,10.0000000000,10.0000000000,10.0000000000,1.0000000000
22.0000000000,25.0000000000,0.0000000659,10.0000000000,10.0000000000,10.0000000000,1.0000000000
22.0000000000,26.0000000000,0.0000000176,10.0000000000,10.0000000000,10.0000000000,1.0000000000
22.0000000000,27.0000000000,0.0000000100,10.0000000000,10.0000000000,10.0000000000,1.0000000000
22.0000000000,28.0000000000,0.0000000015,10.0000000000,10.0000000000,10.0000000000,1.0000000000
22.0000000000,29.0000000000,0.0000000011,10.0000000000,10.0000000000,10.0000000000,1.0000000000
22.0000000000,30.0000000000,0.0000000001,10.0000000000,10.0000000000,10.0000000000,1.0000000000
23.0000000000,0.0000000000,0.0000000046,10.0000000000,10.0000000000,10.0000000000,1.0000000000
23.0000000000,1.0000000000,0.0000000251,10.0000000000,10.0000000000,10.0000000000,1.0000000000
23.0000000000,2.0000000000,0.0000002770,10.0000000000,10.0000000000,10.0000000000,1.0000000000
23.0000000000,3.0000000000,0.0000009943,10.0000000000,10.0000000000,10.0000000000,1.0000000000
23.0000000000,4.0000000000,0.0000028869,10.0000000000,10.0000000000,10.0000000000,1.0000000000
23.0000000000,5.0000000000,0.0000063252,10.0000000000,10.0000000000,10.0000000000,1.0000000000
23.0000000000,6.0000000000,0.0000120035,10.0000000000,10.0000000000,10.0000000000,1.0000000000
23.0000000000,7.0000000000,0.0000188818,10.0000000000,10.0000000000,10.0000000000,1.0000000000
23.0000000000,8.0000000000,0.0000268505,10.0000000000,10.0000000000,10.0000000000,1.0000000000
23.0000000000,9.0000000000,0.0000335348,10.0000000000,10.0000000000,10.0000000000,1.0000000000
23.0000000000,10.0000000000,0.0000375002,10.0000000000,10.0000000000,10.0000000000,1.0000000000
23.0000000000,11.0000000000,0.0000382505,10.0000000000,10.0000000000,10.0000000000,1.0000000000
23.0000000000,12.0000000000,0.0000356514,10.0000000000,10.0000000000,10.0000000000,1.0000000000
23.0000000000,13.0000000000,0.0000303588,10.0000000000,10.0000000000,10.0000000000,1.0000000000
23.0000000000,14.0000000000,0.0000237206,10.0000000000,10.0000000000,10.0000000000,1.0000000000
23.0000000000,15.0000000000,0.0000170719,10.0000000000,10.0000000000,10.0000000000,1.0000000000
23.0000000000,16.0000000000,0.0000115862,10.0000000000,10.0000000000,10.0000000000,1.0000000000
23.0000000000,17.0000000000,0.0000076079,10.0000000000,10.0000000000,10.0000000000,1.0000000000
23.0000000000,18.0000000000,0.0000046927,10.0000000000,10.0000000000,10.0000000000,1.0000000000
23.0000000000,19.0000000000,0.0000026556,10.0000000000,10.0000000000,10.0000000000,1.0000000000
23.0000000000,20.0000000000,0.0000014455,10.0000000000,10.0000000000,10.0000000000,1.0000000000
23.0000000000,21.0000000000,0.0000007590,10.0000000000,10.0000000000,10.0000000000,1.0000000000
23.0000000000,22.0000000000,0.0000003760,10.0000000000,10.0000000000,10.0000000000,1.0000000000
23.0000000000,23.0000000000,0.0000001753,10.0000000000,10.0000000000,10.0000000000,1.0000000000
23.0000000000,24.0000000000,0.0000000748,10.0000000000,10.0000000000,10.0000000000,1.0000000000
23.0000000000,25.0000000000,0.0000000411,10.0000000000,10.0000000000,10.0000000000,1.0000000000
23.0000000000,26.0000000000,0.0000000153,10.0000000000,10.0000000000,10.0000000000,1.0000000000
23.0000000000,27.0000000000,0.0000000036,10.0000000000,10.0000000000,10.0000000000,1.0000000000
23.0000000000,28.0000000000,0.0000000001,10.0000000000,10.0000000000,10.0000000000,1.0000000000
24.0000000000,0.0000000000,0.0000000040,10.0000000000,10.0000000000,10.0000000000,1.0000000000
24.0000000000,1.0000000000,0.0000000188,10.0000000000,10.0000000000,10.0000000000,1.0000000000
24.0000000000,2.0000000000,0.0000001031,10.0000000000,10.0000000000,10.0000000000,1.0000000000
24.0000000000,3.0000000000,0.0000003618,10.0000000000,10.0000000000,10.0000000000,1.0000000000
24.0000000000,4.0000000000,0.0000010974,10.0000000000,10.0000000000,10.0000000000,1.0000000000
24.0000000000,5.0000000000,0.0000026375,10.0000000000,10.0000000000,10.0000000000,1.0000000000
24.0000000000,6.0000000000,0.0000051298,10.0000000000,10.0000000000,10.0000000000,1.0000000000
24.0000000000,7.0000000000,0.0000084890,10.0000000000,10.0000000000,10.0000000000,1.0000000000
24.0000000000,8.0000000000,0.0000118407,10.0000000000,10.0000000000,10.0000000000,1.0000000000
24.0000000000,9.0000000000,0.0000152581,10.0000000000,10.0000000000,10.0000000000,1.0000000000
24.0000000000,10.0000000000,0.0000173960,10.0000000000,10.0000000000,10.0000000000,1.0000000000
24.0000000000,11.0000000000,0.0000175080,10.0000000000,10.0000000000,10.0000000000,1.0000000000
24.0000000000,12.0000000000,0.0000163150,10.0000000000,10.0000000000,10.0000000000,1.0000000000
24.0000000000,13.0000000000,0.0000138471,10.0000000000,10.0000000000,10.0000000000,1.0000000000
24.0000000000,14.0000000000,0.0000111444,10.0000000000,10.0000000000,10.0000000000,1.0000000000
24.0000000000,15.0000000000,0.0000082619,10.0000000000,10.0000000000,10.0000000000,1.0000000000
24.0000000000,16.0000000000,0.0000055332,10.0000000000,10.0000000000,10.0000000000,1.0000000000
24.0000000000,17.0000000000,0.0000035947,10.0000000000,10.0000000000,10.0000000000,1.0000000000
24.0000000000,18.0000000000,0.0000023259,10.0000000000,10.0000000000,10.0000000000,1.0000000000
24.0000000000,19.0000000000,0.0000013535,10.0000000000,10.0000000000,10.0000000000,1.0000000000
24.0000000000,20.0000000000,0.0000007309,10.0000000000,10.0000000000,10.0000000000,1.0000000000
24.0000000000,21.0000000000,0.0000003662,10.0000000000,10.0000000000,10.0000000000,1.0000000000
24.0000000000,22.0000000000,0.0000002052,10.0000000000,10.0000000000,10.0000000000,1.0000000000
24.0000000000,23.0000000000,0.0000000810,10.0000000000,10.0000000000,10.0000000000,1.0000000000
24.0000000000,24.0000000000,0.0000000428,10.0000000000,10.0000000000,10.0000000000,1.0000000000
24.0000000000,25.0000000000,0.0000000146,10.0000000000,10.0000000000,10.0000000000,1.0000000000
24.0000000000,26.0000000000,0.0000000045,10.0000000000,10.0000000000,10.0000000000,1.0000000000
24.0000000000,27.0000000000,0.0000000034,10.0000000000,10.0000000000,10.0000000000,1.0000000000
24.0000000000,28.0000000000,0.0000000018,10.0000000000,10.0000000000,10.0000000000,1.0000000000
25.0000000000,1.0000000000,0.0000000025,10.0000000000,10.0000000000,10.0000000000,1.0000000000
25.0000000000,2.0000000000,0.0000000373,10.0000000000,10.0000000000,10.0000000000,1.0000000000
25.0000000000,3.0000000000,0.0000001764,10.0000000000,10.0000000000,10.0000000000,1.0000000000
25.0000000000,4.0000000000,0.0000005432,10.0000000000,10.0000000000,10.0000000000,1.0000000000
25.0000000000,5.0000000000,0.0000011092,10.0000000000,10.0000000000,10.0000000000,1.0000000000
25.0000000000,6.0000000000,0.0000022817,10.0000000000,10.0000000000,10.0000000000,1.0000000000
25.0000000000,7.0000000000,0.0000037216,10.0000000000,10.0000000000,10.0000000000,1.0000000000
25.0000000000,8.0000000000,0.0000051984,10.0000000000,10.0000000000,10.0000000000,1.0000000000
25.0000000000,9.0000000000,0.0000063758,10.0000000000,10.0000000000,10.0000000000,1.0000000000
25.0000000000,10.0000000000,0.0000075209,10.0000000000,10.0000000000,10.0000000000,1.0000000000
25.0000000000,11.0000000000,0.0000076512,10.0000000000,10.0000000000,10.0000000000,1.0000000000
25.0000000000,12.0000000000,0.0000072782,10.0000000000,10.0000000000,10.0000000000,1.0000000000
25.0000000000,13.0000000000,0.0000060756,10.0000000000,10.0000000000,10.0000000000,1.0000000000
25.0000000000,14.0000000000,0.0000048594,10.0000000000,10.0000000000,10.0000000000,1.0000000000
25.0000000000,15.0000000000,0.0000036702,10.0000000000,10.0000000000,10.0000000000,1.0000000000
25.0000000000,16.0000000000,0.0000025450,10.0000000000,10.0000000000,10.0000000000,1.0000000000
25.0000000000,17.0000000000,0.0000017074,10.0000000000,10.0000000000,10.0000000000,1.0000000000
25.0000000000,18.0000000000,0.0000010651,10.0000000000,10.0000000000,10.0000000000,1.0000000000
25.0000000000,19.0000000000,0.0000006186,10.0000000000,10.0000000000,10.0000000000,1.0000000000
25.0000000000,20.0000000000,0.0000003428,10.0000000000,10.0000000000,10.0000000000,1.0000000000
25.0000000000,21.0000000000,0.0000001778,10.0000000000,10.0000000000,10.0000000000,1.0000000000
25.0000000000,22.0000000000,0.0000000854,10.0000000000,10.0000000000,10.0000000000,1.0000000000
25.0000000000,23.0000000000,0.0000000310,10.0000000000,10.0000000000,10.0000000000,1.0000000000
25.0000000000,24.0000000000,0.0000000140,10.0000000000,10.0000000000,10.0000000000,1.0000000000
25.0000000000,25.0000000000,0.0000000062,10.0000000000,10.0000000000,10.0000000000,1.0000000000
25.0000000000,26.0000000000,0.0000000038,10.0000000000,10.0000000000,10.0000000000,1.0000000000
25.0000000000,27.0000000000,0.0000000015,10.0000000000,10.0000000000,10.0000000000,1.0000000000
25.0000000000,28.0000000000,0.0000000006,10.0000000000,10.0000000000,10.0000000000,1.0000000000
25.0000000000,29.0000000000,0.0000000009,10.0000000000,10.0000000000,10.0000000000,1.0000000000
25.0000000000,30.0000000000,0.0000000003,10.0000000000,10.0000000000,10.0000000000,1.0000000000
26.0000000000,1.0000000000,0.0000000070,10.0000000000,10.0000000000,10.0000000000,1.0000000000
26.0000000000,2.0000000000,0.0000000457,10.0000000000,10.0000000000,10.0000000000,1.0000000000
26.0000000000,3.0000000000,0.0000000743,10.0000000000,10.0000000000,10.0000000000,1.0000000000
26.0000000000,4.0000000000,0.0000002062,10.0000000000,10.0000000000,10.0000000000,1.0000000000
26.0000000000,5.0000000000,0.0000004624,10.0000000000,10.0000000000,10.0000000000,1.0000000000
26.0000000000,6.0000000000,0.0000008736,10.0000000000,10.0000000000,10.0000000000,1.0000000000
26.0000000000,7.0000000000,0.0000014569,10.0000000000,10.0000000000,10.0000000000,1.0000000000
26.0000000000,8.0000000000,0.0000021144,10.0000000000,10.0000000000,10.0000000000,1.0000000000
26.0000000000,9.0000000000,0.0000027300,10.0000000000,10.0000000000,10.0000000000,1.0000000000
26.0000000000,10.0000000000,0.0000030567,10.0000000000,10.0000000000,10.0000000000,1.0000000000
26.0000000000,11.0000000000,0.0000034075,10.0000000000,10.0000000000,10.0000000000,1.0000000000
26.0000000000,12.0000000000,0.0000030856,10.0000000000,10.0000000000,10.0000000000,1.0000000000
26.0000000000,13.0000000000,0.0000026209,10.0000000000,10.0000000000,10.0000000000,1.0000000000
26.0000000000,14.0000000000,0.0000021462,10.0000000000,10.0000000000,10.0000000000,1.0000000000
26.0000000000,15.0000000000,0.0000016206,10.0000000000,10.0000000000,10.0000000000,1.0000000000
26.0000000000,16.0000000000,0.0000011688,10.0000000000,10.0000000000,10.0000000000,1.0000000000
26.0000000000,17.0000000000,0.0000006897,10.0000000000,10.0000000000,10.0000000000,1.0000000000
26.0000000000,18.0000000000,0.0000004257,10.0000000000,10.0000000000,10.0000000000,1.0000000000
26.0000000000,19.0000000000,0.0000002741,10.0000000000,10.0000000000,10.0000000000,1.0000000000
26.0000000000,20.0000000000,0.0000001455,10.0000000000,10.0000000000,10.0000000000,1.0000000000
26.0000000000,21.0000000000,0.0000000771,10.0000000000,10.0000000000,10.0000000000,1.0000000000
26.0000000000,22.0000000000,0.0000000321,10.0000000000,10.0000000000,10.0000000000,1.0000000000
26.0000000000,23.0000000000,0.0000000117,10.0000000000,10.0000000000,10.0000000000,1.0000000000
26.0000000000,24.0000000000,0.0000000039,10.0000000000,10.0000000000,10.0000000000,1.0000000000
26.0000000000,25.0000000000,0.0000000001,10.0000000000,10.0000000000,10.0000000000,1.0000000000
26.0000000000,26.0000000000,0.0000000003,10.0000000000,10.0000000000,10.0000000000,1.0000000000
27.0000000000,1.0000000000,0.0000000001,10.0000000000,10.0000000000,10.0000000000,1.0000000000
27.0000000000,2.0000000000,0.0000000069,10.0000000000,10.0000000000,10.0000000000,1.0000000000
27.0000000000,3.0000000000,0.0000000315,10.0000000000,10.0000000000,10.0000000000,1.0000000000
27.0000000000,4.0000000000,0.0000000809,10.0000000000,10.0000000000,10.0000000000,1.0000000000
27.0000000000,5.0000000000,0.0000001880,10.0000000000,10.0000000000,10.0000000000,1.0000000000
27.0000000000,6.0000000000,0.0000004175,10.0000000000,10.0000000000,10.0000000000,1.0000000000
27.0000000000,7.0000000000,0.0000007784,10.0000000000,10.0000000000,10.0000000000,1.0000000000
27.0000000000,8.0000000000,0.0000009857,10.0000000000,10.0000000000,10.0000000000,1.0000000000
27.0000000000,9.0000000000,0.0000013238,10.0000000000,10.0000000000,10.0000000000,1.0000000000
27.0000000000,10.0000000000,0.0000014577,10.0000000000,10.0000000000,10.0000000000,1.0000000000
27.0000000000,11.0000000000,0.0000014728,10.0000000000,10.0000000000,10.0000000000,1.0000000000
27.0000000000,12.0000000000,0.0000012810,10.0000000000,10.0000000000,10.0000000000,1.0000000000
27.0000000000,13.0000000000,0.0000010833,10.0000000000,10.0000000000,10.0000000000,1.0000000000
27.0000000000,14.0000000000,0.0000009411,10.0000000000,10.0000000000,10.0000000000,1.0000000000
27.0000000000,15.0000000000,0.0000007520,10.0000000000,10.0000000000,10.0000000000,1.0000000000
27.0000000000,16.0000000000,0.0000005236,10.0000000000,10.0000000000,10.0000000000,1.0000000000
27.0000000000,17.0000000000,0.0000003525,10.0000000000,10.0000000000,10.0000000000,1.0000000000
27.0000000000,18.0000000000,0.0000002320,10.0000000000,10.0000000000,10.0000000000,1.0000000000
27.0000000000,19.0000000000,0.0000001596,10.0000000000,10.0000000000,10.0000000000,1.0000000000
27.0000000000,20.0000000000,0.0000000820,10.0000000000,10.0000000000,10.0000000000,1.0000000000
27.0000000000,21.0000000000,0.0000000352,10.0000000000,10.0000000000,10.0000000000,1.0000000000
27.0000000000,22.0000000000,0.0000000229,10.0000000000,10.0000000000,10.0000000000,1.0000000000
27.0000000000,23.0000000000,0.0000000041,10.0000000000,10.0000000000,10.0000000000,1.0000000000
27.0000000000,24.0000000000,0.0000000029,10.0000000000,10.0000000000,10.0000000000,1.0000000000
27.0000000000,25.0000000000,0.0000000054,10.0000000000,10.0000000000,10.0000000000,1.0000000000
27.0000000000,26.0000000000,0.0000000004,10.0000000000,10.0000000000,10.0000000000,1.0000000000
27.0000000000,27.0000000000,0.0000000002,10.0000000000,10.0000000000,10.0000000000,1.0000000000
27.0000000000,28.0000000000,0.0000000001,10.0000000000,10.0000000000,10.0000000000,1.0000000000
28.0000000000,2.0000000000,0.0000000025,10.0000000000,10.0000000000,10.0000000000,1.0000000000
28.0000000000,3.0000000000,0.0000000174,10.0000000000,10.0000000000,10.0000000000,1.0000000000
28.0000000000,4.0000000000,0.0000000516,10.0000000000,10.0000000000,10.0000000000,1.0000000000
28.0000000000,5.0000000000,0.0000001031,10.0000000000,10.0000000000,10.0000000000,1.0000000000
28.0000000000,6.0000000000,0.0000001960,10.0000000000,10.0000000000,10.0000000000,1.0000000000
28.0000000000,7.0000000000,0.0000002526,10.0000000000,10.0000000000,10.0000000000,1.0000000000
28.0000000000,8.0000000000,0.0000003765,10.0000000000,10.0000000000,10.0000000000,1.0000000000
28.0000000000,9.0000000000,0.0000005377,10.0000000000,10.0000000000,10.0000000000,1.0000000000
28.0000000000,10.0000000000,0.0000005985,10.0000000000,10.0000000000,10.0000000000,1.0000000000
28.0000000000,11.0000000000,0.0000006003,10.0000000000,10.0000000000,10.0000000000,1.0000000000
28.0000000000,12.0000000000,0.0000005715,10.0000000000,10.0000000000,10.0000000000,1.0000000000
28.0000000000,13.0000000000,0.0000004382,10.0000000000,10.0000000000,10.0000000000,1.0000000000
28.0000000000,14.0000000000,0.0000003440,10.0000000000,10.0000000000,10.0000000000,1.0000000000
28.0000000000,15.0000000000,0.0000002755,10.0000000000,10.0000000000,10.0000000000,1.0000000000
28.0000000000,16.0000000000,0.0000002210,10.0000000000,10.0000000000,10.0000000000,1.0000000000
28.0000000000,17.0000000000,0.0000001514,10.0000000000,10.0000000000,10.0000000000,1.0000000000
28.0000000000,18.0000000000,0.0000000882,10.0000000000,10.0000000000,10.0000000000,1.0000000000
28.0000000000,19.0000000000,0.0000000402,10.0000000000,10.0000000000,10.0000000000,1.0000000000
28.0000000000,20.0000000000,0.0000000309,10.0000000000,10.0000000000,10.0000000000,1.0000000000
28.0000000000,21.0000000000,0.0000000177,10.0000000000,10.0000000000,10.0000000000,1.0000000000
28.0000000000,22.0000000000,0.0000000092,10.0000000000,10.0000000000,10.0000000000,1.0000000000
28.0000000000,23.0000000000,0.0000000027,10.0000000000,10.0000000000,10.0000000000,1.0000000000
28.0000000000,24.0000000000,0.0000000015,10.0000000000,10.0000000000,10.0000000000,1.0000000000
28.0000000000,25.0000000000,0.0000000005,10.0000000000,10.0000000000,10.0000000000,1.0000000000
28.0000000000,26.0000000000,0.0000000004,10.0000000000,10.0000000000,10.0000000000,1.0000000000
29.0000000000,2.0000000000,0.0000000007,10.0000000000,10.0000000000,10.0000000000,1.0000000000
29.0000000000,3.0000000000,0.0000000057,10.0000000000,10.0000000000,10.0000000000,1.0000000000
29.0000000000,4.0000000000,0.0000000247,10.0000000000,10.0000000000,10.0000000000,1.0000000000
29.0000000000,5.0000000000,0.0000000417,10.0000000000,10.0000000000,10.0000000000,1.0000000000
29.0000000000,6.0000000000,0.0000000737,10.0000000000,10.0000000000,10.0000000000,1.0000000000
29.0000000000,7.0000000000,0.0000000839,10.0000000000,10.0000000000,10.0000000000,1.0000000000
29.0000000000,8.0000000000,0.0000001659,10.0000000000,10.0000000000,10.0000000000,1.0000000000
29.0000000000,9.0000000000,0.0000002250,10.0000000000,10.0000000000,10.0000000000,1.0000000000
29.0000000000,10.0000000000,0.0000002558,10.0000000000,10.0000000000,10.0000000000,1.0000000000
29.0000000000,11.0000000000,0.0000001909,10.0000000000,10.0000000000,10.0000000000,1.0000000000
29.0000000000,12.0000000000,0.0000001682,10.0000000000,10.0000000000,10.0000000000,1.0000000000
29.0000000000,13.0000000000,0.0000001802,10.0000000000,10.0000000000,10.0000000000,1.0000000000
29.0000000000,14.0000000000,0.0000001228,10.0000000000,10.0000000000,10.0000000000,1.0000000000
29.0000000000,15.0000000000,0.0000000968,10.0000000000,10.0000000000,10.0000000000,1.0000000000
29.0000000000,16.0000000000,0.0000000737,10.0000000000,10.0000000000,10.0000000000,1.0000000000
29.0000000000,17.0000000000,0.0000000606,10.0000000000,10.0000000000,10.0000000000,1.0000000000
29.0000000000,18.0000000000,0.0000000387,10.0000000000,10.0000000000,10.0000000000,1.0000000000
29.0000000000,19.0000000000,0.0000000229,10.0000000000,10.0000000000,10.0000000000,1.0000000000
29.0000000000,20.0000000000,0.0000000118,10.0000000000,10.0000000000,10.0000000000,1.0000000000
29.0000000000,21.0000000000,0.0000000045,10.0000000000,10.0000000000,10.0000000000,1.0000000000
29.0000000000,22.0000000000,0.0000000008,10.0000000000,10.0000000000,10.0000000000,1.0000000000
29.0000000000,23.0000000000,0.0000000028,10.0000000000,10.0000000000,10.0000000000,1.0000000000
29.0000000000,24.0000000000,0.0000000024,10.0000000000,10.0000000000,10.0000000000,1.0000000000
29.0000000000,25.0000000000,0.0000000001,10.0000000000,10.0000000000,10.0000000000,1.0000000000
30.0000000000,4.0000000000,0.0000000087,10.0000000000,10.0000000000,10.0000000000,1.0000000000
30.0000000000,5.0000000000,0.0000000195,10.0000000000,10.0000000000,10.0000000000,1.0000000000
30.0000000000,6.0000000000,0.0000000179,10.0000000000,10.0000000000,10.0000000000,1.0000000000
30.0000000000,7.0000000000,0.0000000372,10.0000000000,10.0000000000,10.0000000000,1.0000000000
30.0000000000,8.0000000000,0.0000000816,10.0000000000,10.0000000000,10.0000000000,1.0000000000
30.0000000000,9.0000000000,0.0000001420,10.0000000000,10.0000000000,10.0000000000,1.0000000000
30.0000000000,10.0000000000,0.0000001209,10.0000000000,10.0000000000,10.0000000000,1.0000000000
30.0000000000,11.0000000000,0.0000000889,10.0000000000,10.0000000000,10.0000000000,1.0000000000
30.0000000000,12.0000000000,0.0000000701,10.0000000000,10.0000000000,10.0000000000,1.0000000000
30.0000000000,13.0000000000,0.0000000656,10.0000000000,10.0000000000,10.0000000000,1.0000000000
30.0000000000,14.0000000000,0.0000000632,10.0000000000,10.0000000000,10.0000000000,1.0000000000
30.0000000000,15.0000000000,0.0000000378,10.0000000000,10.0000000000,10.0000000000,1.0000000000
30.0000000000,16.0000000000,0.0000000281,10.0000000000,10.0000000000,10.0000000000,1.0000000000
30.0000000000,17.0000000000,0.0000000172,10.0000000000,10.0000000000,10.0000000000,1.0000000000
30.0000000000,18.0000000000,0.0000000108,10.0000000000,10.0000000000,10.0000000000,1.0000000000
30.0000000000,19.0000000000,0.0000000096,10.0000000000,10.0000000000,10.0000000000,1.0000000000
30.0000000000,20.0000000000,0.0000000094,10.0000000000,10.0000000000,10.0000000000,1.0000000000
30.0000000000,21.0000000000,0.0000000020,10.0000000000,10.0000000000,10.0000000000,1.0000000000
30.0000000000,22.0000000000,0.0000000013,10.0000000000,10.0000000000,10.0000000000,1.0000000000
30.0000000000,23.0000000000,0.0000000010,10.0000000000,10.0000000000,10.0000000000,1.0000000000
30.0000000000,24.0000000000,0.0000000022,10.0000000000,10.0000000000,10.0000000000,1.0000000000
30.0000000000,25.0000000000,0.0000000002,10.0000000000,10.0000000000,10.0000000000,1.0000000000
31.0000000000,4.0000000000,0.0000000014,10.0000000000,10.0000000000,10.0000000000,1.0000000000
31.0000000000,5.0000000000,0.0000000059,10.0000000000,10.0000000000,10.0000000000,1.0000000000
31.0000000000,6.0000000000,0.0000000062,10.0000000000,10.0000000000,10.0000000000,1.0000000000
31.0000000000,7.0000000000,0.0000000112,10.0000000000,10.0000000000,10.0000000000,1.0000000000
31.0000000000,8.0000000000,0.0000000272,10.0000000000,10.0000000000,10.0000000000,1.0000000000
31.0000000000,9.0000000000,0.0000000321,10.0000000000,10.0000000000,10.0000000000,1.0000000000
31.0000000000,10.0000000000,0.0000000325,10.0000000000,10.0000000000,10.0000000000,1.0000000000
31.0000000000,11.0000000000,0.0000000290,10.0000000000,10.0000000000,10.0000000000,1.0000000000
31.0000000000,12.0000000000,0.0000000238,10.0000000000,10.0000000000,10.0000000000,1.0000000000
31.0000000000,13.0000000000,0.0000000163,10.0000000000,10.0000000000,10.0000000000,1.0000000000
31.0000000000,14.0000000000,0.0000000264,10.0000000000,10.0000000000,10.0000000000,1.0000000000
31.0000000000,15.0000000000,0.0000000283,10.0000000000,10.0000000000,10.0000000000,1.0000000000
31.0000000000,16.0000000000,0.0000000130,10.0000000000,10.0000000000,10.0000000000,1.0000000000
31.0000000000,17.0000000000,0.0000000044,10.0000000000,10.0000000000,10.0000000000,1.0000000000
31.0000000000,18.0000000000,0.0000000010,10.0000000000,10.0000000000,10.0000000000,1.0000000000
31.0000000000,19.0000000000,0.0000000012,10.0000000000,10.0000000000,10.0000000000,1.0000000000
31.0000000000,20.0000000000,0.0000000008,10.0000000000,10.0000000000,10.0000000000,1.0000000000
31.0000000000,21.0000000000,0.0000000006,10.0000000000,10.0000000000,10.0000000000,1.0000000000
31.0000000000,22.0000000000,0.0000000021,10.0000000000,10.0000000000,10.0000000000,1.0000000000
31.0000000000,23.0000000000,0.0000000007,10.0000000000,10.0000000000,10.0000000000,1.0000000000
31.0000000000,24.0000000000,0.0000000001,10.0000000000,10.0000000000,10.0000000000,1.0000000000
32.0000000000,6.0000000000,0.0000000011,10.0000000000,10.0000000000,10.0000000000,1.0000000000
32.0000000000,7.0000000000,0.0000000025,10.0000000000,10.0000000000,10.0000000000,1.0000000000
32.0000000000,8.0000000000,0.0000000055,10.0000000000,10.0000000000,10.0000000000,1.0000000000
32.0000000000,9.0000000000,0.0000000065,10.0000000000,10.0000000000,10.0000000000,1.0000000000
32.0000000000,10.0000000000,0.0000000071,10.0000000000,10.0000000000,10.0000000000,1.0000000000
32.0000000000,11.0000000000,0.0000000024,10.0000000000,10.0000000000,10.0000000000,1.0000000000
32.0000000000,12.0000000000,0.0000000025,10.0000000000,10.0000000000,10.0000000000,1.0000000000
32.0000000000,13.0000000000,0.0000000090,10.0000000000,10.0000000000,10.0000000000,1.0000000000
32.0000000000,14.0000000000,0.0000000066,10.0000000000,10.0000000000,10.0000000000,1.0000000000
32.0000000000,15.0000000000,0.0000000077,10.0000000000,10.0000000000,10.0000000000,1.0000000000
32.0000000000,16.0000000000,0.0000000066,10.0000000000,10.0000000000,10.0000000000,1.0000000000
32.0000000000,17.0000000000,0.0000000024,10.0000000000,10.0000000000,10.0000000000,1.0000000000
32.0000000000,18.0000000000,0.0000000034,10.0000000000,10.0000000000,10.0000000000,1.0000000000
32.0000000000,19.0000000000,0.0000000061,10.0000000000,10.0000000000,10.0000000000,1.0000000000
32.0000000000,20.0000000000,0.0000000026,10.0000000000,10.0000000000,10.0000000000,1.0000000000
32.0000000000,21.0000000000,0.0000000035,10.0000000000,10.0000000000,10.0000000000,1.0000000000
33.0000000000,5.0000000000,0.0000000085,10.0000000000,10.0000000000,10.0000000000,1.0000000000
33.0000000000,6.0000000000,0.0000000123,10.0000000000,10.0000000000,10.0000000000,1.0000000000
33.0000000000,7.0000000000,0.0000000001,10.0000000000,10.0000000000,10.0000000000,1.0000000000
33.0000000000,8.0000000000,0.0000000005,10.0000000000,10.0000000000,10.0000000000,1.0000000000
33.0000000000,9.0000000000,0.0000000023,10.0000000000,10.0000000000,10.0000000000,1.0000000000
33.0000000000,10.0000000000,0.0000000027,10.0000000000,10.0000000000,10.0000000000,1.0000000000
33.0000000000,11.0000000000,0.0000000018,10.0000000000,10.0000000000,10.0000000000,1.0000000000
33.0000000000,12.0000000000,0.0000000049,10.0000000000,10.0000000000,10.0000000000,1.0000000000
33.0000000000,13.0000000000,0.0000000003,10.0000000000,10.0000000000,10.0000000000,1.0000000000
33.0000000000,14.0000000000,0.0000000001,10.0000000000,10.0000000000,10.0000000000,1.0000000000
33.0000000000,20.0000000000,0.0000000005,10.0000000000,10.0000000000,10.0000000000,1.0000000000
33.0000000000,21.0000000000,0.0000000008,10.0000000000,10.0000000000,10.0000000000,1.0000000000
34.0000000000,6.0000000000,0.0000000004,10.0000000000,10.0000000000,10.0000000000,1.0000000000
34.0000000000,7.0000000000,0.0000000002,10.0000000000,10.0000000000,10.0000000000,1.0000000000
34.0000000000,8.0000000000,0.0000000063,10.0000000000,10.0000000000,10.0000000000,1.0000000000
34.0000000000,9.0000000000,0.0000000014,10.0000000000,10.0000000000,10.0000000000,1.0000000000
