0.0000000000,0.0000000000,0.0000001232,10.0000000000,10.0000000000,1.0000000000,1.0000000000,10.0000000000
0.0000000000,1.0000000000,0.0000012226,10.0000000000,10.0000000000,1.0000000000,1.0000000000,10.0000000000
0.0000000000,2.0000000000,0.0000036812,10.0000000000,10.0000000000,1.0000000000,1.0000000000,10.0000000000
0.0000000000,3.0000000000,0.0000065710,10.0000000000,10.0000000000,1.0000000000,1.0000000000,10.0000000000
0.0000000000,4.0000000000,0.0000091164,10.0000000000,10.0000000000,1.0000000000,1.0000000000,10.0000000000
0.0000000000,5.0000000000,0.0000129423,10.0000000000,10.0000000000,1.0000000000,1.0000000000,10.0000000000
0.0000000000,6.0000000000,0.0000150782,10.0000000000,10.0000000000,1.0000000000,1.0000000000,10.0000000000
0.0000000000,7.0000000000,0.0000140107,10.0000000000,10.0000000000,1.0000000000,1.0000000000,10.0000000000
0.0000000000,8.0000000000,0.0000122821,10.0000000000,10.0000000000,1.0000000000,1.0000000000,10.0000000000
0.0000000000,9.0000000000,0.0000108654,10.0000000000,10.0000000000,1.0000000000,1.0000000000,10.0000000000
0.0000000000,10.0000000000,0.0000077870,10.0000000000,10.0000000000,1.0000000000,1.0000000000,10.0000000000
0.0000000000,11.0000000000,0.0000057504,10.0000000000,10.0000000000,1.0000000000,1.0000000000,10.0000000000
0.0000000000,12.0000000000,0.0000034438,10.0000000000,10.0000000000,1.0000000000,1.0000000000,10.0000000000
0.0000000000,13.0000000000,0.0000021042,10.0000000000,10.0000000000,1.0000000000,1.0000000000,10.0000000000
0.0000000000,14.0000000000,0.0000013156,10.0000000000,10.0000000000,1.0000000000,1.0000000000,10.0000000000
0.0000000000,15.0000000000,0.0000006398,10.0000000000,10.0000000000,1.0000000000,1.0000000000,10.0000000000
0.0000000000,16.0000000000,0.0000004268,10.0000000000,10.0000000000,1.0000000000,1.0000000000,10.0000000000
0.0000000000,17.0000000000,0.0000003122,10.0000000000,10.0000000000,1.0000000000,1.0000000000,10.0000000000
0.0000000000,18.0000000000,0.0000000792,10.0000000000,10.0000000000,1.0000000000,1.0000000000,10.0000000000
0.0000000000,19.0000000000,0.0000000107,10.0000000000,10.0000000000,1.0000000000,1.0000000000,10.0000000000
1.0000000000,0.0000000000,0.0000009016,10.0000000000,10.0000000000,1.0000000000,1.0000000000,10.0000000000
1.0000000000,1.0000000000,0.0000053824,10.0000000000,10.0000000000,1.0000000000,1.0000000000,10.0000000000
1.0000000000,2.0000000000,0.0000172282,10.0000000000,10.0000000000,1.0000000000,1.0000000000,10.0000000000
1.0000000000,3.0000000000,0.0000400732,10.0000000000,10.0000000000,1.0000000000,1.0000000000,10.0000000000
1.0000000000,4.0000000000,0.0000667424,10.0000000000,10.0000000000,1.0000000000,1.0000000000,10.0000000000
1.0000000000,5.0000000000,0.0000922754,10.0000000000,10.0000000000,1.0000000000,1.0000000000,10.0000000000
1.0000000000,6.0000000000,0.0001149250,10.0000000000,10.0000000000,1.0000000000,1.0000000000,10.0000000000
1.0000000000,7.0000000000,0.0001170061,10.0000000000,10.0000000000,1.0000000000,1.0000000000,10.0000000000
1.0000000000,8.0000000000,0.0001082091,10.0000000000,10.0000000000,1.0000000000,1.0000000000,10.0000000000
1.0000000000,9.0000000000,0.0000913380,10.0000000000,10.0000000000,1.0000000000,1.0000000000,10.0000000000
1.0000000000,10.0000000000,0.0000717426,10.0000000000,10.0000000000,1.0000000000,1.0000000000,10.0000000000
1.0000000000,11.0000000000,0.0000522093,10.0000000000,10.0000000000,1.0000000000,1.0000000000,10.0000000000
1.0000000000,12.0000000000,0.0000333326,10.0000000000,10.0000000000,1.0000000000,1.0000000000,10.0000000000
1.0000000000,13.0000000000,0.0000215601,10.0000000000,10.0000000000,1.0000000000,1.0000000000,10.0000000000
1.0000000000,14.0000000000,0.0000124435,10.0000000000,10.0000000000,1.0000000000,1.0000000000,10.0000000000
1.0000000000,15.0000000000,0.0000064993,10.0000000000,10.0000000000,1.0000000000,1.0000000000,10.0000000000
1.0000000000,16.0000000000,0.0000038879,10.0000000000,10.0000000000,1.0000000000,1.0000000000,10.0000000000
1.0000000000,17.0000000000,0.0000015914,10.0000000000,10.0000000000,1.0000000000,1.0000000000,10.0000000000
1.0000000000,18.0000000000,0.0000008276,10.0000000000,10.0000000000,1.0000000000,1.0000000000,10.0000000000
1.0000000000,19.0000000000,0.0000003371,10.0000000000,10.0000000000,1.0000000000,1.0000000000,10.0000000000
1.0000000000,20.0000000000,0.0000000560,10.0000000000,10.0000000000,1.0000000000,1.0000000000,10.0000000000
1.0000000000,21.0000000000,0.0000000176,10.0000000000,10.0000000000,1.0000000000,1.0000000000,10.0000000000
1.0000000000,22.0000000000,0.0000000047,10.0000000000,10.0000000000,1.0000000000,1.0000000000,10.0000000000
2.0000000000,0.0000000000,0.0000019494,10.0000000000,10.0000000000,1.0000000000,1.0000000000,10.0000000000
2.0000000000,1.0000000000,0.0000146944,10.0000000000,10.0000000000,1.0000000000,1.0000000000,10.0000000000
2.0000000000,2.0000000000,0.0000556578,10.0000000000,10.0000000000,1.0000000000,1.0000000000,10.0000000000
2.0000000000,3.0000000000,0.0001348906,10.0000000000,10.0000000000,1.0000000000,1.0000000000,10.0000000000
2.0000000000,4.0000000000,0.0002428201,10.0000000000,10.0000000000,1.0000000000,1.0000000000,10.0000000000
2.0000000000,5.0000000000,0.0003609947,10.0000000000,10.0000000000,1.0000000000,1.0000000000,10.0000000000
2.0000000000,6.0000000000,0.0004566829,10.0000000000,10.0000000000,1.0000000000,1.0000000000,10.0000000000
2.0000000000,7.0000000000,0.0004951213,10.0000000000,10.0000000000,1.0000000000,1.0000000000,10.0000000000
2.0000000000,8.0000000000,0.0004737981,10.0000000000,10.0000000000,1.0000000000,1.0000000000,10.0000000000
2.0000000000,9.0000000000,0.0004165513,10.0000000000,10.0000000000,1.0000000000,1.0000000000,10.0000000000
2.0000000000,10.0000000000,0.0003338357,10.0000000000,10.0000000000,1.0000000000,1.0000000000,10.0000000000
2.0000000000,11.0000000000,0.0002443203,10.0000000000,10.0000000000,1.0000000000,1.0000000000,10.0000000000
2.0000000000,12.0000000000,0.0001647517,10.0000000000,10.0000000000,1.0000000000,1.0000000000,10.0000000000
2.0000000000,13.0000000000,0.0001065731,10.0000000000,10.0000000000,1.0000000000,1.0000000000,10.0000000000
2.0000000000,14.0000000000,0.0000637829,10.0000000000,10.0000000000,1.0000000000,1.0000000000,10.0000000000
2.0000000000,15.0000000000,0.0000367131,10.0000000000,10.0000000000,1.0000000000,1.0000000000,10.0000000000
2.0000000000,16.0000000000,0.0000190420,10.0000000000,10.0000000000,1.0000000000,1.0000000000,10.0000000000
2.0000000000,17.0000000000,0.0000093962,10.0000000000,10.0000000000,1.0000000000,1.0000000000,10.0000000000
2.0000000000,18.0000000000,0.0000044967,10.0000000000,10.0000000000,1.0000000000,1.0000000000,10.0000000000
2.0000000000,19.0000000000,0.0000019440,10.0000000000,10.0000000000,1.0000000000,1.0000000000,10.0000000000
2.0000000000,20.0000000000,0.0000008204,10.0000000000,10.0000000000,1.0000000000,1.0000000000,10.0000000000
2.0000000000,21.0000000000,0.0000003257,10.0000000000,10.0000000000,1.0000000000,1.0000000000,10.0000000000
2.0000000000,22.0000000000,0.0000000900,10.0000000000,10.0000000000,1.0000000000,1.0000000000,10.0000000000
2.0000000000,23.0000000000,0.0000000614,10.0000000000,10.0000000000,1.0000000000,1.0000000000,10.0000000000
2.0000000000,24.0000000000,0.0000000061,10.0000000000,10.0000000000,1.0000000000,1.0000000000,10.0000000000
3.0000000000,0.0000000000,0.0000036065,10.0000000000,10.0000000000,1.0000000000,1.0000000000,10.0000000000
3.0000000000,1.0000000000,0.0000298022,10.0000000000,10.0000000000,1.0000000000,1.0000000000,10.0000000000
3.0000000000,2.0000000000,0.0001185519,10.0000000000,10.0000000000,1.0000000000,1.0000000000,10.0000000000
3.0000000000,3.0000000000,0.0003072594,10.0000000000,10.0000000000,1.0000000000,1.0000000000,10.0000000000
3.0000000000,4.0000000000,0.0005921481,10.0000000000,10.0000000000,1.0000000000,1.0000000000,10.0000000000
3.0000000000,5.0000000000,0.0009263085,10.0000000000,10.0000000000,1.0000000000,1.0000000000,10.0000000000
3.0000000000,6.0000000000,0.0012186918,10.0000000000,10.0000000000,1.0000000000,1.0000000000,10.0000000000
3.0000000000,7.0000000000,0.0013891628,10.0000000000,10.0000000000,1.0000000000,1.0000000000,10.0000000000
3.0000000000,8.0000000000,0.0014099512,10.0000000000,10.0000000000,1.0000000000,1.0000000000,10.0000000000
3.0000000000,9.0000000000,0.0012819983,10.0000000000,10.0000000000,1.0000000000,1.0000000000,10.0000000000
3.0000000000,10.0000000000,0.0010530958,10.0000000000,10.0000000000,1.0000000000,1.0000000000,10.0000000000
3.0000000000,11.0000000000,0.0008008493,10.0000000000,10.0000000000,1.0000000000,1.0000000000,10.0000000000
3.0000000000,12.0000000000,0.0005567235,10.0000000000,10.0000000000,1.0000000000,1.0000000000,10.0000000000
3.0000000000,13.0000000000,0.0003596945,10.0000000000,10.0000000000,1.0000000000,1.0000000000,10.0000000000
3.0000000000,14.0000000000,0.0002191340,10.0000000000,10.0000000000,1.0000000000,1.0000000000,10.0000000000
3.0000000000,15.0000000000,0.0001286986,10.0000000000,10.0000000000,1.0000000000,1.0000000000,10.0000000000
3.0000000000,16.0000000000,0.0000697383,10.0000000000,10.0000000000,1.0000000000,1.0000000000,10.0000000000
3.0000000000,17.0000000000,0.0000359203,10.0000000000,10.0000000000,1.0000000000,1.0000000000,10.0000000000
3.0000000000,18.0000000000,0.0000166081,10.0000000000,10.0000000000,1.0000000000,1.0000000000,10.0000000000
3.0000000000,19.0000000000,0.0000075386,10.0000000000,10.0000000000,1.0000000000,1.0000000000,10.0000000000
3.0000000000,20.0000000000,0.0000034951,10.0000000000,10.0000000000,1.0000000000,1.0000000000,10.0000000000
3.0000000000,21.0000000000,0.0000015059,10.0000000000,10.0000000000,1.0000000000,1.0000000000,10.0000000000
3.0000000000,22.0000000000,0.0000006339,10.0000000000,10.0000000000,1.0000000000,1.0000000000,10.0000000000
3.0000000000,23.0000000000,0.0000002448,10.0000000000,10.0000000000,1.0000000000,1.0000000000,10.0000000000
3.0000000000,24.0000000000,0.0000000783,10.0000000000,10.0000000000,1.0000000000,1.0000000000,10.0000000000
3.0000000000,25.0000000000,0.0000000254,10.0000000000,10.0000000000,1.0000000000,1.0000000000,10.0000000000
3.0000000000,26.0000000000,0.0000000149,10.0000000000,10.0000000000,1.0000000000,1.0000000000,10.0000000000
3.0000000000,27.0000000000,0.0000000080,10.0000000000,10.0000000000,1.0000000000,1.0000000000,10.0000000000
3.0000000000,28.0000000000,0.0000000061,10.0000000000,10.0000000000,1.0000000000,1.0000000000,10.0000000000
4.0000000000,0.0000000000,0.0000046403,10.0000000000,10.0000000000,1.0000000000,1.0000000000,10.0000000000
4.0000000000,1.0000000000,0.0000464078,10.0000000000,10.0000000000,1.0000000000,1.0000000000,10.0000000000
4.0000000000,2.0000000000,0.0001946975,10.0000000000,10.0000000000,1.0000000000,1.0000000000,10.0000000000
4.0000000000,3.0000000000,0.0005338050,10.0000000000,10.0000000000,1.0000000000,1.0000000000,10.0000000000
4.0000000000,4.0000000000,0.0010971165,10.0000000000,10.0000000000,1.0000000000,1.0000000000,10.0000000000
4.0000000000,5.0000000000,0.0018121426,10.0000000000,10.0000000000,1.0000000000,1.0000000000,10.0000000000
4.0000000000,6.0000000000,0.0025206398,10.0000000000,10.0000000000,1.0000000000,1.0000000000,10.0000000000
4.0000000000,7.0000000000,0.0030005381,10.0000000000,10.0000000000,1.0000000000,1.0000000000,10.0000000000
4.0000000000,8.0000000000,0.0031515127,10.0000000000,10.0000000000,1.0000000000,1.0000000000,10.0000000000
4.0000000000,9.0000000000,0.0029577860,10.0000000000,10.0000000000,1.0000000000,1.0000000000,10.0000000000
4.0000000000,10.0000000000,0.0025141112,10.0000000000,10.0000000000,1.0000000000,1.0000000000,10.0000000000
4.0000000000,11.0000000000,0.0019467663,10.0000000000,10.0000000000,1.0000000000,1.0000000000,10.0000000000
4.0000000000,12.0000000000,0.0014079593,10.0000000000,10.0000000000,1.0000000000,1.0000000000,10.0000000000
4.0000000000,13.0000000000,0.0009368672,10.0000000000,10.0000000000,1.0000000000,1.0000000000,10.0000000000
4.0000000000,14.0000000000,0.0005791338,10.0000000000,10.0000000000,1.0000000000,1.0000000000,10.0000000000
4.0000000000,15.0000000000,0.0003414010,10.0000000000,10.0000000000,1.0000000000,1.0000000000,10.0000000000
4.0000000000,16.0000000000,0.0001930234,10.0000000000,10.0000000000,1.0000000000,1.0000000000,10.0000000000
4.0000000000,17.0000000000,0.0001005146,10.0000000000,10.0000000000,1.0000000000,1.0000000000,10.0000000000
4.0000000000,18.0000000000,0.0000492458,10.0000000000,10.0000000000,1.0000000000,1.0000000000,10.0000000000
4.0000000000,19.0000000000,0.0000225789,10.0000000000,10.0000000000,1.0000000000,1.0000000000,10.0000000000
4.0000000000,20.0000000000,0.0000108131,10.0000000000,10.0000000000,1.0000000000,1.0000000000,10.0000000000
4.0000000000,21.0000000000,0.0000048677,10.0000000000,10.0000000000,1.0000000000,1.0000000000,10.0000000000
4.0000000000,22.0000000000,0.0000022215,10.0000000000,10.0000000000,1.0000000000,1.0000000000,10.0000000000
4.0000000000,23.0000000000,0.0000007278,10.0000000000,10.0000000000,1.0000000000,1.0000000000,10.0000000000
4.0000000000,24.0000000000,0.0000002881,10.0000000000,10.0000000000,1.0000000000,1.0000000000,10.0000000000
4.0000000000,25.0000000000,0.0000001026,10.0000000000,10.0000000000,1.0000000000,1.0000000000,10.0000000000
4.0000000000,26.0000000000,0.0000000422,10.0000000000,10.0000000000,1.0000000000,1.0000000000,10.0000000000
4.0000000000,27.0000000000,0.0000000131,10.0000000000,10.0000000000,1.0000000000,1.0000000000,10.0000000000
4.0000000000,28.0000000000,0.0000000005,10.0000000000,10.0000000000,1.0000000000,1.0000000000,10.0000000000
4.0000000000,29.0000000000,0.0000000019,10.0000000000,10.0000000000,1.0000000000,1.0000000000,10.0000000000
5.0000000000,0.0000000000,0.0000054519,10.0000000000,10.0000000000,1.0000000000,1.0000000000,10.0000000000
5.0000000000,1.0000000000,0.0000561123,10.0000000000,10.0000000000,1.0000000000,1.0000000000,10.0000000000
5.0000000000,2.0000000000,0.0002609701,10.0000000000,10.0000000000,1.0000000000,1.0000000000,10.0000000000
5.0000000000,3.0000000000,0.0007616286,10.0000000000,10.0000000000,1.0000000000,1.0000000000,10.0000000000
5.0000000000,4.0000000000,0.0016845476,10.0000000000,10.0000000000,1.0000000000,1.0000000000,10.0000000000
5.0000000000,5.0000000000,0.0029202640,10.0000000000,10.0000000000,1.0000000000,1.0000000000,10.0000000000
5.0000000000,6.0000000000,0.0042240310,10.0000000000,10.0000000000,1.0000000000,1.0000000000,10.0000000000
5.0000000000,7.0000000000,0.0052474603,10.0000000000,10.0000000000,1.0000000000,1.0000000000,10.0000000000
5.0000000000,8.0000000000,0.0057170200,10.0000000000,10.0000000000,1.0000000000,1.0000000000,10.0000000000
5.0000000000,9.0000000000,0.0055280429,10.0000000000,10.0000000000,1.0000000000,1.0000000000,10.0000000000
5.0000000000,10.0000000000,0.0048469350,10.0000000000,10.0000000000,1.0000000000,1.0000000000,10.0000000000
5.0000000000,11.0000000000,0.0038858716,10.0000000000,10.0000000000,1.0000000000,1.0000000000,10.0000000000
5.0000000000,12.0000000000,0.0028595274,10.0000000000,10.0000000000,1.0000000000,1.0000000000,10.0000000000
5.0000000000,13.0000000000,0.0019510045,10.0000000000,10.0000000000,1.0000000000,1.0000000000,10.0000000000
5.0000000000,14.0000000000,0.0012523495,10.0000000000,10.0000000000,1.0000000000,1.0000000000,10.0000000000
5.0000000000,15.0000000000,0.0007422378,10.0000000000,10.0000000000,1.0000000000,1.0000000000,10.0000000000
5.0000000000,16.0000000000,0.0004197512,10.0000000000,10.0000000000,1.0000000000,1.0000000000,10.0000000000
5.0000000000,17.0000000000,0.0002239262,10.0000000000,10.0000000000,1.0000000000,1.0000000000,10.0000000000
5.0000000000,18.0000000000,0.0001126411,10.0000000000,10.0000000000,1.0000000000,1.0000000000,10.0000000000
5.0000000000,19.0000000000,0.0000545865,10.0000000000,10.0000000000,1.0000000000,1.0000000000,10.0000000000
5.0000000000,20.0000000000,0.0000253941,10.0000000000,10.0000000000,1.0000000000,1.0000000000,10.0000000000
5.0000000000,21.0000000000,0.0000108660,10.0000000000,10.0000000000,1.0000000000,1.0000000000,10.0000000000
5.0000000000,22.0000000000,0.0000045580,10.0000000000,10.0000000000,1.0000000000,1.0000000000,10.0000000000
5.0000000000,23.0000000000,0.0000018457,10.0000000000,10.0000000000,1.0000000000,1.0000000000,10.0000000000
5.0000000000,24.0000000000,0.0000007432,10.0000000000,10.0000000000,1.0000000000,1.0000000000,10.0000000000
5.0000000000,25.0000000000,0.0000002539,10.0000000000,10.0000000000,1.0000000000,1.0000000000,10.0000000000
5.0000000000,26.0000000000,0.0000000892,10.0000000000,10.0000000000,1.0000000000,1.0000000000,10.0000000000
5.0000000000,27.0000000000,0.0000000382,10.0000000000,10.0000000000,1.0000000000,1.0000000000,10.0000000000
5.0000000000,28.0000000000,0.0000000270,10.0000000000,10.0000000000,1.0000000000,1.0000000000,10.0000000000
5.0000000000,29.0000000000,0.0000000131,10.0000000000,10.0000000000,1.0000000000,1.0000000000,10.0000000000
5.0000000000,30.0000000000,0.0000000040,10.0000000000,10.0000000000,1.0000000000,1.0000000000,10.0000000000
6.0000000000,0.0000000000,0.0000054092,10.0000000000,10.0000000000,1.0000000000,1.0000000000,10.0000000000
6.0000000000,1.0000000000,0.0000610367,10.0000000000,10.0000000000,1.0000000000,1.0000000000,10.0000000000
6.0000000000,2.0000000000,0.0002959911,10.0000000000,10.0000000000,1.0000000000,1.0000000000,10.0000000000
6.0000000000,3.0000000000,0.0009350181,10.0000000000,10.0000000000,1.0000000000,1.0000000000,10.0000000000
6.0000000000,4.0000000000,0.0021691631,10.0000000000,10.0000000000,1.0000000000,1.0000000000,10.0000000000
6.0000000000,5.0000000000,0.0039505794,10.0000000000,10.0000000000,1.0000000000,1.0000000000,10.0000000000
6.0000000000,6.0000000000,0.0059819481,10.0000000000,10.0000000000,1.0000000000,1.0000000000,10.0000000000
6.0000000000,7.0000000000,0.0077239291,10.0000000000,10.0000000000,1.0000000000,1.0000000000,10.0000000000
6.0000000000,8.0000000000,0.0087125695,10.0000000000,10.0000000000,1.0000000000,1.0000000000,10.0000000000
6.0000000000,9.0000000000,0.0087223365,10.0000000000,10.0000000000,1.0000000000,1.0000000000,10.0000000000
6.0000000000,10.0000000000,0.0078708372,10.0000000000,10.0000000000,1.0000000000,1.0000000000,10.0000000000
6.0000000000,11.0000000000,0.0064634885,10.0000000000,10.0000000000,1.0000000000,1.0000000000,10.0000000000
6.0000000000,12.0000000000,0.0048938169,10.0000000000,10.0000000000,1.0000000000,1.0000000000,10.0000000000
6.0000000000,13.0000000000,0.0034250260,10.0000000000,10.0000000000,1.0000000000,1.0000000000,10.0000000000
6.0000000000,14.0000000000,0.0022296791,10.0000000000,10.0000000000,1.0000000000,1.0000000000,10.0000000000
6.0000000000,15.0000000000,0.0013490108,10.0000000000,10.0000000000,1.0000000000,1.0000000000,10.0000000000
6.0000000000,16.0000000000,0.0007682586,10.0000000000,10.0000000000,1.0000000000,1.0000000000,10.0000000000
6.0000000000,17.0000000000,0.0004173842,10.0000000000,10.0000000000,1.0000000000,1.0000000000,10.0000000000
6.0000000000,18.0000000000,0.0002147200,10.0000000000,10.0000000000,1.0000000000,1.0000000000,10.0000000000
6.0000000000,19.0000000000,0.0001043362,10.0000000000,10.0000000000,1.0000000000,1.0000000000,10.0000000000
6.0000000000,20.0000000000,0.0000484780,10.0000000000,10.0000000000,1.0000000000,1.0000000000,10.0000000000
6.0000000000,21.0000000000,0.0000217729,10.0000000000,10.0000000000,1.0000000000,1.0000000000,10.0000000000
6.0000000000,22.0000000000,0.0000086276,10.0000000000,10.0000000000,1.0000000000,1.0000000000,10.0000000000
6.0000000000,23.0000000000,0.0000035963,10.0000000000,10.0000000000,1.0000000000,1.0000000000,10.0000000000
6.0000000000,24.0000000000,0.0000013574,10.0000000000,10.0000000000,1.0000000000,1.0000000000,10.0000000000
6.0000000000,25.0000000000,0.0000004896,10.0000000000,10.0000000000,1.0000000000,1.0000000000,10.0000000000
6.0000000000,26.0000000000,0.0000001584,10.0000000000,10.0000000000,1.0000000000,1.0000000000,10.0000000000
6.0000000000,27.0000000000,0.0000000345,10.0000000000,10.0000000000,1.0000000000,1.0000000000,10.0000000000
6.0000000000,28.0000000000,0.0000000025,10.0000000000,10.0000000000,1.0000000000,1.0000000000,10.0000000000
6.0000000000,29.0000000000,0.0000000013,10.0000000000,10.0000000000,1.0000000000,1.0000000000,10.0000000000
6.0000000000,30.0000000000,0.0000000013,10.0000000000,10.0000000000,1.0000000000,1.0000000000,10.0000000000
7.0000000000,0.0000000000,0.0000048881,10.0000000000,10.0000000000,1.0000000000,1.0000000000,10.0000000000
7.0000000000,1.0000000000,0.0000574529,10.0000000000,10.0000000000,1.0000000000,1.0000000000,10.0000000000
7.0000000000,2.0000000000,0.0002982496,10.0000000000,10.0000000000,1.0000000000,1.0000000000,10.0000000000
7.0000000000,3.0000000000,0.0009941349,10.0000000000,10.0000000000,1.0000000000,1.0000000000,10.0000000000
7.0000000000,4.0000000000,0.0024481287,10.0000000000,10.0000000000,1.0000000000,1.0000000000,10.0000000000
7.0000000000,5.0000000000,0.0046622632,10.0000000000,10.0000000000,1.0000000000,1.0000000000,10.0000000000
7.0000000000,6.0000000000,0.0073495107,10.0000000000,10.0000000000,1.0000000000,1.0000000000,10.0000000000
7.0000000000,7.0000000000,0.0098682729,10.0000000000,10.0000000000,1.0000000000,1.0000000000,10.0000000000
7.0000000000,8.0000000000,0.0114530621,10.0000000000,10.0000000000,1.0000000000,1.0000000000,10.0000000000
7.0000000000,9.0000000000,0.0118710358,10.0000000000,10.0000000000,1.0000000000,1.0000000000,10.0000000000
7.0000000000,10.0000000000,0.0110212425,10.0000000000,10.0000000000,1.0000000000,1.0000000000,10.0000000000
7.0000000000,11.0000000000,0.0093049264,10.0000000000,10.0000000000,1.0000000000,1.0000000000,10.0000000000
7.0000000000,12.0000000000,0.0072008225,10.0000000000,10.0000000000,1.0000000000,1.0000000000,10.0000000000
7.0000000000,13.0000000000,0.0051607682,10.0000000000,10.0000000000,1.0000000000,1.0000000000,10.0000000000
7.0000000000,14.0000000000,0.0034287147,10.0000000000,10.0000000000,1.0000000000,1.0000000000,10.0000000000
7.0000000000,15.0000000000,0.0021159407,10.0000000000,10.0000000000,1.0000000000,1.0000000000,10.0000000000
7.0000000000,16.0000000000,0.0012334117,10.0000000000,10.0000000000,1.0000000000,1.0000000000,10.0000000000
7.0000000000,17.0000000000,0.0006785063,10.0000000000,10.0000000000,1.0000000000,1.0000000000,10.0000000000
7.0000000000,18.0000000000,0.0003502439,10.0000000000,10.0000000000,1.0000000000,1.0000000000,10.0000000000
7.0000000000,19.0000000000,0.0001740413,10.0000000000,10.0000000000,1.0000000000,1.0000000000,10.0000000000
7.0000000000,20.0000000000,0.0000814627,10.0000000000,10.0000000000,1.0000000000,1.0000000000,10.0000000000
7.0000000000,21.0000000000,0.0000364231,10.0000000000,10.0000000000,1.0000000000,1.0000000000,10.0000000000
7.0000000000,22.0000000000,0.0000153294,10.0000000000,10.0000000000,1.0000000000,1.0000000000,10.0000000000
7.0000000000,23.0000000000,0.0000062662,10.0000000000,10.0000000000,1.0000000000,1.0000000000,10.0000000000
7.0000000000,24.0000000000,0.0000025354,10.0000000000,10.0000000000,1.0000000000,1.0000000000,10.0000000000
7.0000000000,25.0000000000,0.0000010410,10.0000000000,10.0000000000,1.0000000000,1.0000000000,10.0000000000
7.0000000000,26.0000000000,0.0000003043,10.0000000000,10.0000000000,1.0000000000,1.0000000000,10.0000000000
7.0000000000,27.0000000000,0.0000001013,10.0000000000,10.0000000000,1.0000000000,1.0000000000,10.0000000000
7.0000000000,28.0000000000,0.0000000259,10.0000000000,10.0000000000,1.0000000000,1.0000000000,10.0000000000
8.0000000000,0.0000000000,0.0000039817,10.0000000000,10.0000000000,1.0000000000,1.0000000000,10.0000000000
8.0000000000,1.0000000000,0.0000476155,10.0000000000,10.0000000000,1.0000000000,1.0000000000,10.0000000000
8.0000000000,2.0000000000,0.0002724681,10.0000000000,10.0000000000,1.0000000000,1.0000000000,10.0000000000
8.0000000000,3.0000000000,0.0009484952,10.0000000000,10.0000000000,1.0000000000,1.0000000000,10.0000000000
8.0000000000,4.0000000000,0.0024405340,10.0000000000,10.0000000000,1.0000000000,1.0000000000,10.0000000000
8.0000000000,5.0000000000,0.0048964845,10.0000000000,10.0000000000,1.0000000000,1.0000000000,10.0000000000
8.0000000000,6.0000000000,0.0080351638,10.0000000000,10.0000000000,1.0000000000,1.0000000000,10.0000000000
8.0000000000,7.0000000000,0.0111400789,10.0000000000,10.0000000000,1.0000000000,1.0000000000,10.0000000000
8.0000000000,8.0000000000,0.0134001965,10.0000000000,10.0000000000,1.0000000000,1.0000000000,10.0000000000
8.0000000000,9.0000000000,0.0142823668,10.0000000000,10.0000000000,1.0000000000,1.0000000000,10.0000000000
8.0000000000,10.0000000000,0.0136156585,10.0000000000,10.0000000000,1.0000000000,1.0000000000,10.0000000000
8.0000000000,11.0000000000,0.0117575343,10.0000000000,10.0000000000,1.0000000000,1.0000000000,10.0000000000
8.0000000000,12.0000000000,0.0093285346,10.0000000000,10.0000000000,1.0000000000,1.0000000000,10.0000000000
8.0000000000,13.0000000000,0.0068134318,10.0000000000,10.0000000000,1.0000000000,1.0000000000,10.0000000000
8.0000000000,14.0000000000,0.0046261012,10.0000000000,10.0000000000,1.0000000000,1.0000000000,10.0000000000
8.0000000000,15.0000000000,0.0029092595,10.0000000000,10.0000000000,1.0000000000,1.0000000000,10.0000000000
8.0000000000,16.0000000000,0.0017298270,10.0000000000,10.0000000000,1.0000000000,1.0000000000,10.0000000000
8.0000000000,17.0000000000,0.0009679474,10.0000000000,10.0000000000,1.0000000000,1.0000000000,10.0000000000
8.0000000000,18.0000000000,0.0005080431,10.0000000000,10.0000000000,1.0000000000,1.0000000000,10.0000000000
8.0000000000,19.0000000000,0.0002527999,10.0000000000,10.0000000000,1.0000000000,1.0000000000,10.0000000000
8.0000000000,20.0000000000,0.0001224105,10.0000000000,10.0000000000,1.0000000000,1.0000000000,10.0000000000
8.0000000000,21.0000000000,0.0000558284,10.0000000000,10.0000000000,1.0000000000,1.0000000000,10.0000000000
8.0000000000,22.0000000000,0.0000235229,10.0000000000,10.0000000000,1.0000000000,1.0000000000,10.0000000000
8.0000000000,23.0000000000,0.0000095590,10.0000000000,10.0000000000,1.0000000000,1.0000000000,10.0000000000
8.0000000000,24.0000000000,0.0000037105,10.0000000000,10.0000000000,1.0000000000,1.0000000000,10.0000000000
8.0000000000,25.0000000000,0.0000014582,10.0000000000,10.0000000000,1.0000000000,1.0000000000,10.0000000000
8.0000000000,26.0000000000,0.0000005719,10.0000000000,10.0000000000,1.0000000000,1.0000000000,10.0000000000
8.0000000000,27.0000000000,0.0000001389,10.0000000000,10.0000000000,1.0000000000,1.0000000000,10.0000000000
8.0000000000,28.0000000000,0.0000000503,10.0000000000,10.0000000000,1.0000000000,1.0000000000,10.0000000000
8.0000000000,29.0000000000,0.0000000002,10.0000000000,10.0000000000,1.0000000000,1.0000000000,10.0000000000
8.0000000000,30.0000000000,0.0000000042,10.0000000000,10.0000000000,1.0000000000,1.0000000000,10.0000000000
9.0000000000,0.0000000000,0.0000026796,10.0000000000,10.0000000000,1.0000000000,1.0000000000,10.0000000000
9.0000000000,1.0000000000,0.0000376746,10.0000000000,10.0000000000,1.0000000000,1.0000000000,10.0000000000
9.0000000000,2.0000000000,0.0002214659,10.0000000000,10.0000000000,1.0000000000,1.0000000000,10.0000000000
9.0000000000,3.0000000000,0.0008169326,10.0000000000,10.0000000000,1.0000000000,1.0000000000,10.0000000000
9.0000000000,4.0000000000,0.0022077680,10.0000000000,10.0000000000,1.0000000000,1.0000000000,10.0000000000
9.0000000000,5.0000000000,0.0046295004,10.0000000000,10.0000000000,1.0000000000,1.0000000000,10.0000000000
9.0000000000,6.0000000000,0.0078832454,10.0000000000,10.0000000000,1.0000000000,1.0000000000,10.0000000000
9.0000000000,7.0000000000,0.0112800876,10.0000000000,10.0000000000,1.0000000000,1.0000000000,10.0000000000
9.0000000000,8.0000000000,0.0140475344,10.0000000000,10.0000000000,1.0000000000,1.0000000000,10.0000000000
9.0000000000,9.0000000000,0.0153829300,10.0000000000,10.0000000000,1.0000000000,1.0000000000,10.0000000000
9.0000000000,10.0000000000,0.0150837535,10.0000000000,10.0000000000,1.0000000000,1.0000000000,10.0000000000
9.0000000000,11.0000000000,0.0133606453,10.0000000000,10.0000000000,1.0000000000,1.0000000000,10.0000000000
9.0000000000,12.0000000000,0.0108235739,10.0000000000,10.0000000000,1.0000000000,1.0000000000,10.0000000000
9.0000000000,13.0000000000,0.0080828959,10.0000000000,10.0000000000,1.0000000000,1.0000000000,10.0000000000
9.0000000000,14.0000000000,0.0055798917,10.0000000000,10.0000000000,1.0000000000,1.0000000000,10.0000000000
9.0000000000,15.0000000000,0.0035973555,10.0000000000,10.0000000000,1.0000000000,1.0000000000,10.0000000000
9.0000000000,16.0000000000,0.0021682150,10.0000000000,10.0000000000,1.0000000000,1.0000000000,10.0000000000
9.0000000000,17.0000000000,0.0012297476,10.0000000000,10.0000000000,1.0000000000,1.0000000000,10.0000000000
9.0000000000,18.0000000000,0.0006578661,10.0000000000,10.0000000000,1.0000000000,1.0000000000,10.0000000000
9.0000000000,19.0000000000,0.0003348498,10.0000000000,10.0000000000,1.0000000000,1.0000000000,10.0000000000
9.0000000000,20.0000000000,0.0001615465,10.0000000000,10.0000000000,1.0000000000,1.0000000000,10.0000000000
9.0000000000,21.0000000000,0.0000739047,10.0000000000,10.0000000000,1.0000000000,1.0000000000,10.0000000000
9.0000000000,22.0000000000,0.0000322618,10.0000000000,10.0000000000,1.0000000000,1.0000000000,10.0000000000
9.0000000000,23.0000000000,0.0000138511,10.0000000000,10.0000000000,1.0000000000,1.0000000000,10.0000000000
9.0000000000,24.0000000000,0.0000053491,10.0000000000,10.0000000000,1.0000000000,1.0000000000,10.0000000000
9.0000000000,25.0000000000,0.0000022074,10.0000000000,10.0000000000,1.0000000000,1.0000000000,10.0000000000
9.0000000000,26.0000000000,0.0000008122,10.0000000000,10.0000000000,1.0000000000,1.0000000000,10.0000000000
9.0000000000,27.0000000000,0.0000001920,10.0000000000,10.0000000000,1.0000000000,1.0000000000,10.0000000000
9.0000000000,28.0000000000,0.0000000973,10.0000000000,10.0000000000,1.0000000000,1.0000000000,10.0000000000
9.0000000000,29.0000000000,0.0000000339,10.0000000000,10.0000000000,1.0000000000,1.0000000000,10.0000000000
9.0000000000,30.0000000000,0.0000000053,10.0000000000,10.0000000000,1.0000000000,1.0000000000,10.0000000000
10.0000000000,0.0000000000,0.0000017737,10.0000000000,10.0000000000,1.0000000000,1.0000000000,10.0000000000
10.0000000000,1.0000000000,0.0000273569,10.0000000000,10.0000000000,1.0000000000,1.0000000000,10.0000000000
10.0000000000,2.0000000000,0.0001665853,10.0000000000,10.0000000000,1.0000000000,1.0000000000,10.0000000000
10.0000000000,3.0000000000,0.0006489458,10.0000000000,10.0000000000,1.0000000000,1.0000000000,10.0000000000
10.0000000000,4.0000000000,0.0018118459,10.0000000000,10.0000000000,1.0000000000,1.0000000000,10.0000000000
10.0000000000,5.0000000000,0.0039506388,10.0000000000,10.0000000000,1.0000000000,1.0000000000,10.0000000000
10.0000000000,6.0000000000,0.0070170386,10.0000000000,10.0000000000,1.0000000000,1.0000000000,10.0000000000
10.0000000000,7.0000000000,0.0104043298,10.0000000000,10.0000000000,1.0000000000,1.0000000000,10.0000000000
10.0000000000,8.0000000000,0.0133315409,10.0000000000,10.0000000000,1.0000000000,1.0000000000,10.0000000000
10.0000000000,9.0000000000,0.0150336928,10.0000000000,10.0000000000,1.0000000000,1.0000000000,10.0000000000
10.0000000000,10.0000000000,0.0151237756,10.0000000000,10.0000000000,1.0000000000,1.0000000000,10.0000000000
10.0000000000,11.0000000000,0.0137472904,10.0000000000,10.0000000000,1.0000000000,1.0000000000,10.0000000000
10.0000000000,12.0000000000,0.0113964532,10.0000000000,10.0000000000,1.0000000000,1.0000000000,10.0000000000
10.0000000000,13.0000000000,0.0086678547,10.0000000000,10.0000000000,1.0000000000,1.0000000000,10.0000000000
10.0000000000,14.0000000000,0.0061115165,10.0000000000,10.0000000000,1.0000000000,1.0000000000,10.0000000000
10.0000000000,15.0000000000,0.0040025425,10.0000000000,10.0000000000,1.0000000000,1.0000000000,10.0000000000
10.0000000000,16.0000000000,0.0024512441,10.0000000000,10.0000000000,1.0000000000,1.0000000000,10.0000000000
10.0000000000,17.0000000000,0.0014061718,10.0000000000,10.0000000000,1.0000000000,1.0000000000,10.0000000000
10.0000000000,18.0000000000,0.0007709688,10.0000000000,10.0000000000,1.0000000000,1.0000000000,10.0000000000
10.0000000000,19.0000000000,0.0003999532,10.0000000000,10.0000000000,1.0000000000,1.0000000000,10.0000000000
10.0000000000,20.0000000000,0.0001915499,10.0000000000,10.0000000000,1.0000000000,1.0000000000,10.0000000000
10.0000000000,21.0000000000,0.0000901338,10.0000000000,10.0000000000,1.0000000000,1.0000000000,10.0000000000
10.0000000000,22.0000000000,0.0000396149,10.0000000000,10.0000000000,1.0000000000,1.0000000000,10.0000000000
10.0000000000,23.0000000000,0.0000164935,10.0000000000,10.0000000000,1.0000000000,1.0000000000,10.0000000000
10.0000000000,24.0000000000,0.0000063389,10.0000000000,10.0000000000,1.0000000000,1.0000000000,10.0000000000
10.0000000000,25.0000000000,0.0000028158,10.0000000000,10.0000000000,1.0000000000,1.0000000000,10.0000000000
10.0000000000,26.0000000000,0.0000010749,10.0000000000,10.0000000000,1.0000000000,1.0000000000,10.0000000000
10.0000000000,27.0000000000,0.0000004029,10.0000000000,10.0000000000,1.0000000000,1.0000000000,10.0000000000
10.0000000000,28.0000000000,0.0000001236,10.0000000000,10.0000000000,1.0000000000,1.0000000000,10.0000000000
10.0000000000,29.0000000000,0.0000000371,10.0000000000,10.0000000000,1.0000000000,1.0000000000,10.0000000000
11.0000000000,0.0000000000,0.0000013809,10.0000000000,10.0000000000,1.0000000000,1.0000000000,10.0000000000
11.0000000000,1.0000000000,0.0000178110,10.0000000000,10.0000000000,1.0000000000,1.0000000000,10.0000000000
11.0000000000,2.0000000000,0.0001146039,10.0000000000,10.0000000000,1.0000000000,1.0000000000,10.0000000000
11.0000000000,3.0000000000,0.0004703278,10.0000000000,10.0000000000,1.0000000000,1.0000000000,10.0000000000
11.0000000000,4.0000000000,0.0013834411,10.0000000000,10.0000000000,1.0000000000,1.0000000000,10.0000000000
11.0000000000,5.0000000000,0.0031190182,10.0000000000,10.0000000000,1.0000000000,1.0000000000,10.0000000000
11.0000000000,6.0000000000,0.0057246459,10.0000000000,10.0000000000,1.0000000000,1.0000000000,10.0000000000
11.0000000000,7.0000000000,0.0088106742,10.0000000000,10.0000000000,1.0000000000,1.0000000000,10.0000000000
11.0000000000,8.0000000000,0.0116235079,10.0000000000,10.0000000000,1.0000000000,1.0000000000,10.0000000000
11.0000000000,9.0000000000,0.0134932678,10.0000000000,10.0000000000,1.0000000000,1.0000000000,10.0000000000
11.0000000000,10.0000000000,0.0138994914,10.0000000000,10.0000000000,1.0000000000,1.0000000000,10.0000000000
11.0000000000,11.0000000000,0.0129062879,10.0000000000,10.0000000000,1.0000000000,1.0000000000,10.0000000000
11.0000000000,12.0000000000,0.0109249475,10.0000000000,10.0000000000,1.0000000000,1.0000000000,10.0000000000
11.0000000000,13.0000000000,0.0084813005,10.0000000000,10.0000000000,1.0000000000,1.0000000000,10.0000000000
11.0000000000,14.0000000000,0.0060896602,10.0000000000,10.0000000000,1.0000000000,1.0000000000,10.0000000000
11.0000000000,15.0000000000,0.0040629075,10.0000000000,10.0000000000,1.0000000000,1.0000000000,10.0000000000
11.0000000000,16.0000000000,0.0025281410,10.0000000000,10.0000000000,1.0000000000,1.0000000000,10.0000000000
11.0000000000,17.0000000000,0.0014705467,10.0000000000,10.0000000000,1.0000000000,1.0000000000,10.0000000000
11.0000000000,18.0000000000,0.0008204638,10.0000000000,10.0000000000,1.0000000000,1.0000000000,10.0000000000
11.0000000000,19.0000000000,0.0004278590,10.0000000000,10.0000000000,1.0000000000,1.0000000000,10.0000000000
11.0000000000,20.0000000000,0.0002108638,10.0000000000,10.0000000000,1.0000000000,1.0000000000,10.0000000000
11.0000000000,21.0000000000,0.0000989458,10.0000000000,10.0000000000,1.0000000000,1.0000000000,10.0000000000
11.0000000000,22.0000000000,0.0000445836,10.0000000000,10.0000000000,1.0000000000,1.0000000000,10.0000000000
11.0000000000,23.0000000000,0.0000187078,10.0000000000,10.0000000000,1.0000000000,1.0000000000,10.0000000000
11.0000000000,24.0000000000,0.0000075123,10.0000000000,10.0000000000,1.0000000000,1.0000000000,10.0000000000
11.0000000000,25.0000000000,0.0000029119,10.0000000000,10.0000000000,1.0000000000,1.0000000000,10.0000000000
11.0000000000,26.0000000000,0.0000011876,10.0000000000,10.0000000000,1.0000000000,1.0000000000,10.0000000000
11.0000000000,27.0000000000,0.0000003652,10.0000000000,10.0000000000,1.0000000000,1.0000000000,10.0000000000
11.0000000000,28.0000000000,0.0000001244,10.0000000000,10.0000000000,1.0000000000,1.0000000000,10.0000000000
11.0000000000,29.0000000000,0.0000000341,10.0000000000,10.0000000000,1.0000000000,1.0000000000,10.0000000000
11.0000000000,30.0000000000,0.0000000049,10.0000000000,10.0000000000,1.0000000000,1.0000000000,10.0000000000
12.0000000000,0.0000000000,0.0000007361,10.0000000000,10.0000000000,1.0000000000,1.0000000000,10.0000000000
12.0000000000,1.0000000000,0.0000107962,10.0000000000,10.0000000000,1.0000000000,1.0000000000,10.0000000000
12.0000000000,2.0000000000,0.0000742856,10.0000000000,10.0000000000,1.0000000000,1.0000000000,10.0000000000
12.0000000000,3.0000000000,0.0003193777,10.0000000000,10.0000000000,1.0000000000,1.0000000000,10.0000000000
12.0000000000,4.0000000000,0.0009835125,10.0000000000,10.0000000000,1.0000000000,1.0000000000,10.0000000000
12.0000000000,5.0000000000,0.0022890273,10.0000000000,10.0000000000,1.0000000000,1.0000000000,10.0000000000
12.0000000000,6.0000000000,0.0043361222,10.0000000000,10.0000000000,1.0000000000,1.0000000000,10.0000000000
12.0000000000,7.0000000000,0.0068766711,10.0000000000,10.0000000000,1.0000000000,1.0000000000,10.0000000000
12.0000000000,8.0000000000,0.0093683876,10.0000000000,10.0000000000,1.0000000000,1.0000000000,10.0000000000
12.0000000000,9.0000000000,0.0111335984,10.0000000000,10.0000000000,1.0000000000,1.0000000000,10.0000000000
12.0000000000,10.0000000000,0.0117792886,10.0000000000,10.0000000000,1.0000000000,1.0000000000,10.0000000000
12.0000000000,11.0000000000,0.0112025874,10.0000000000,10.0000000000,1.0000000000,1.0000000000,10.0000000000
12.0000000000,12.0000000000,0.0096862682,10.0000000000,10.0000000000,1.0000000000,1.0000000000,10.0000000000
12.0000000000,13.0000000000,0.0076525531,10.0000000000,10.0000000000,1.0000000000,1.0000000000,10.0000000000
12.0000000000,14.0000000000,0.0055965084,10.0000000000,10.0000000000,1.0000000000,1.0000000000,10.0000000000
12.0000000000,15.0000000000,0.0037996561,10.0000000000,10.0000000000,1.0000000000,1.0000000000,10.0000000000
12.0000000000,16.0000000000,0.0024098751,10.0000000000,10.0000000000,1.0000000000,1.0000000000,10.0000000000
12.0000000000,17.0000000000,0.0014278453,10.0000000000,10.0000000000,1.0000000000,1.0000000000,10.0000000000
12.0000000000,18.0000000000,0.0008004973,10.0000000000,10.0000000000,1.0000000000,1.0000000000,10.0000000000
12.0000000000,19.0000000000,0.0004242468,10.0000000000,10.0000000000,1.0000000000,1.0000000000,10.0000000000
12.0000000000,20.0000000000,0.0002097109,10.0000000000,10.0000000000,1.0000000000,1.0000000000,10.0000000000
12.0000000000,21.0000000000,0.0000998765,10.0000000000,10.0000000000,1.0000000000,1.0000000000,10.0000000000
12.0000000000,22.0000000000,0.0000453519,10.0000000000,10.0000000000,1.0000000000,1.0000000000,10.0000000000
12.0000000000,23.0000000000,0.0000195348,10.0000000000,10.0000000000,1.0000000000,1.0000000000,10.0000000000
12.0000000000,24.0000000000,0.0000078015,10.0000000000,10.0000000000,1.0000000000,1.0000000000,10.0000000000
12.0000000000,25.0000000000,0.0000030952,10.0000000000,10.0000000000,1.0000000000,1.0000000000,10.0000000000
12.0000000000,26.0000000000,0.0000012366,10.0000000000,10.0000000000,1.0000000000,1.0000000000,10.0000000000
12.0000000000,27.0000000000,0.0000004391,10.0000000000,10.0000000000,1.0000000000,1.0000000000,10.0000000000
12.0000000000,28.0000000000,0.0000001149,10.0000000000,10.0000000000,1.0000000000,1.0000000000,10.0000000000
12.0000000000,29.0000000000,0.0000000497,10.0000000000,10.0000000000,1.0000000000,1.0000000000,10.0000000000
12.0000000000,30.0000000000,0.0000000108,10.0000000000,10.0000000000,1.0000000000,1.0000000000,10.0000000000
12.0000000000,31.0000000000,0.0000000077,10.0000000000,10.0000000000,1.0000000000,1.0000000000,10.0000000000
13.0000000000,0.0000000000,0.0000004473,10.0000000000,10.0000000000,1.0000000000,1.0000000000,10.0000000000
13.0000000000,1.0000000000,0.0000064661,10.0000000000,10.0000000000,1.0000000000,1.0000000000,10.0000000000
13.0000000000,2.0000000000,0.0000445897,10.0000000000,10.0000000000,1.0000000000,1.0000000000,10.0000000000
13.0000000000,3.0000000000,0.0001994842,10.0000000000,10.0000000000,1.0000000000,1.0000000000,10.0000000000
13.0000000000,4.0000000000,0.0006414300,10.0000000000,10.0000000000,1.0000000000,1.0000000000,10.0000000000
13.0000000000,5.0000000000,0.0015394039,10.0000000000,10.0000000000,1.0000000000,1.0000000000,10.0000000000
13.0000000000,6.0000000000,0.0030621864,10.0000000000,10.0000000000,1.0000000000,1.0000000000,10.0000000000
13.0000000000,7.0000000000,0.0050083471,10.0000000000,10.0000000000,1.0000000000,1.0000000000,10.0000000000
13.0000000000,8.0000000000,0.0070063075,10.0000000000,10.0000000000,1.0000000000,1.0000000000,10.0000000000
13.0000000000,9.0000000000,0.0085526599,10.0000000000,10.0000000000,1.0000000000,1.0000000000,10.0000000000
13.0000000000,10.0000000000,0.0092612274,10.0000000000,10.0000000000,1.0000000000,1.0000000000,10.0000000000
13.0000000000,11.0000000000,0.0090080585,10.0000000000,10.0000000000,1.0000000000,1.0000000000,10.0000000000
13.0000000000,12.0000000000,0.0079381569,10.0000000000,10.0000000000,1.0000000000,1.0000000000,10.0000000000
13.0000000000,13.0000000000,0.0064129535,10.0000000000,10.0000000000,1.0000000000,1.0000000000,10.0000000000
13.0000000000,14.0000000000,0.0047649858,10.0000000000,10.0000000000,1.0000000000,1.0000000000,10.0000000000
13.0000000000,15.0000000000,0.0032899897,10.0000000000,10.0000000000,1.0000000000,1.0000000000,10.0000000000
13.0000000000,16.0000000000,0.0021184578,10.0000000000,10.0000000000,1.0000000000,1.0000000000,10.0000000000
13.0000000000,17.0000000000,0.0012717391,10.0000000000,10.0000000000,1.0000000000,1.0000000000,10.0000000000
13.0000000000,18.0000000000,0.0007258851,10.0000000000,10.0000000000,1.0000000000,1.0000000000,10.0000000000
13.0000000000,19.0000000000,0.0003862934,10.0000000000,10.0000000000,1.0000000000,1.0000000000,10.0000000000
13.0000000000,20.0000000000,0.0001977804,10.0000000000,10.0000000000,1.0000000000,1.0000000000,10.0000000000
13.0000000000,21.0000000000,0.0000947331,10.0000000000,10.0000000000,1.0000000000,1.0000000000,10.0000000000
13.0000000000,22.0000000000,0.0000428123,10.0000000000,10.0000000000,1.0000000000,1.0000000000,10.0000000000
13.0000000000,23.0000000000,0.0000187107,10.0000000000,10.0000000000,1.0000000000,1.0000000000,10.0000000000
13.0000000000,24.0000000000,0.0000079756,10.0000000000,10.0000000000,1.0000000000,1.0000000000,10.0000000000
13.0000000000,25.0000000000,0.0000030569,10.0000000000,10.0000000000,1.0000000000,1.0000000000,10.0000000000
13.0000000000,26.0000000000,0.0000013476,10.0000000000,10.0000000000,1.0000000000,1.0000000000,10.0000000000
13.0000000000,27.0000000000,0.0000003452,10.0000000000,10.0000000000,1.0000000000,1.0000000000,10.0000000000
13.0000000000,28.0000000000,0.0000001737,10.0000000000,10.0000000000,1.0000000000,1.0000000000,10.0000000000
13.0000000000,29.0000000000,0.0000001060,10.0000000000,10.0000000000,1.0000000000,1.0000000000,10.0000000000
13.0000000000,30.0000000000,0.0000000395,10.0000000000,10.0000000000,1.0000000000,1.0000000000,10.0000000000
13.0000000000,31.0000000000,0.0000000050,10.0000000000,10.0000000000,1.0000000000,1.0000000000,10.0000000000
14.0000000000,0.0000000000,0.0000002522,10.0000000000,10.0000000000,1.0000000000,1.0000000000,10.0000000000
14.0000000000,1.0000000000,0.0000033053,10.0000000000,10.0000000000,1.0000000000,1.0000000000,10.0000000000
14.0000000000,2.0000000000,0.0000248405,10.0000000000,10.0000000000,1.0000000000,1.0000000000,10.0000000000
14.0000000000,3.0000000000,0.0001158002,10.0000000000,10.0000000000,1.0000000000,1.0000000000,10.0000000000
14.0000000000,4.0000000000,0.0003935910,10.0000000000,10.0000000000,1.0000000000,1.0000000000,10.0000000000
14.0000000000,5.0000000000,0.0009887381,10.0000000000,10.0000000000,1.0000000000,1.0000000000,10.0000000000
14.0000000000,6.0000000000,0.0020213754,10.0000000000,10.0000000000,1.0000000000,1.0000000000,10.0000000000
14.0000000000,7.0000000000,0.0034140808,10.0000000000,10.0000000000,1.0000000000,1.0000000000,10.0000000000
14.0000000000,8.0000000000,0.0049168776,10.0000000000,10.0000000000,1.0000000000,1.0000000000,10.0000000000
14.0000000000,9.0000000000,0.0061424186,10.0000000000,10.0000000000,1.0000000000,1.0000000000,10.0000000000
14.0000000000,10.0000000000,0.0068005455,10.0000000000,10.0000000000,1.0000000000,1.0000000000,10.0000000000
14.0000000000,11.0000000000,0.0067538404,10.0000000000,10.0000000000,1.0000000000,1.0000000000,10.0000000000
14.0000000000,12.0000000000,0.0060740119,10.0000000000,10.0000000000,1.0000000000,1.0000000000,10.0000000000
14.0000000000,13.0000000000,0.0050076351,10.0000000000,10.0000000000,1.0000000000,1.0000000000,10.0000000000
14.0000000000,14.0000000000,0.0037894942,10.0000000000,10.0000000000,1.0000000000,1.0000000000,10.0000000000
14.0000000000,15.0000000000,0.0026544962,10.0000000000,10.0000000000,1.0000000000,1.0000000000,10.0000000000
14.0000000000,16.0000000000,0.0017341883,10.0000000000,10.0000000000,1.0000000000,1.0000000000,10.0000000000
14.0000000000,17.0000000000,0.0010631062,10.0000000000,10.0000000000,1.0000000000,1.0000000000,10.0000000000
14.0000000000,18.0000000000,0.0006154862,10.0000000000,10.0000000000,1.0000000000,1.0000000000,10.0000000000
14.0000000000,19.0000000000,0.0003287972,10.0000000000,10.0000000000,1.0000000000,1.0000000000,10.0000000000
14.0000000000,20.0000000000,0.0001674415,10.0000000000,10.0000000000,1.0000000000,1.0000000000,10.0000000000
14.0000000000,21.0000000000,0.0000831067,10.0000000000,10.0000000000,1.0000000000,1.0000000000,10.0000000000
14.0000000000,22.0000000000,0.0000386198,10.0000000000,10.0000000000,1.0000000000,1.0000000000,10.0000000000
14.0000000000,23.0000000000,0.0000170053,10.0000000000,10.0000000000,1.0000000000,1.0000000000,10.0000000000
14.0000000000,24.0000000000,0.0000073432,10.0000000000,10.0000000000,1.0000000000,1.0000000000,10.0000000000
14.0000000000,25.0000000000,0.0000029943,10.0000000000,10.0000000000,1.0000000000,1.0000000000,10.0000000000
14.0000000000,26.0000000000,0.0000010352,10.0000000000,10.0000000000,1.0000000000,1.0000000000,10.0000000000
14.0000000000,27.0000000000,0.0000003328,10.0000000000,10.0000000000,1.0000000000,1.0000000000,10.0000000000
14.0000000000,28.0000000000,0.0000000747,10.0000000000,10.0000000000,1.0000000000,1.0000000000,10.0000000000
14.0000000000,29.0000000000,0.0000000479,10.0000000000,10.0000000000,1.0000000000,1.0000000000,10.0000000000
14.0000000000,30.0000000000,0.0000000143,10.0000000000,10.0000000000,1.0000000000,1.0000000000,10.0000000000
15.0000000000,0.0000000000,0.0000000432,10.0000000000,10.0000000000,1.0000000000,1.0000000000,10.0000000000
15.0000000000,1.0000000000,0.0000016397,10.0000000000,10.0000000000,1.0000000000,1.0000000000,10.0000000000
15.0000000000,2.0000000000,0.0000127776,10.0000000000,10.0000000000,1.0000000000,1.0000000000,10.0000000000
15.0000000000,3.0000000000,0.0000641886,10.0000000000,10.0000000000,1.0000000000,1.0000000000,10.0000000000
15.0000000000,4.0000000000,0.0002282892,10.0000000000,10.0000000000,1.0000000000,1.0000000000,10.0000000000
15.0000000000,5.0000000000,0.0005950449,10.0000000000,10.0000000000,1.0000000000,1.0000000000,10.0000000000
15.0000000000,6.0000000000,0.0012535162,10.0000000000,10.0000000000,1.0000000000,1.0000000000,10.0000000000
15.0000000000,7.0000000000,0.0021852700,10.0000000000,10.0000000000,1.0000000000,1.0000000000,10.0000000000
15.0000000000,8.0000000000,0.0032365328,10.0000000000,10.0000000000,1.0000000000,1.0000000000,10.0000000000
15.0000000000,9.0000000000,0.0041427933,10.0000000000,10.0000000000,1.0000000000,1.0000000000,10.0000000000
15.0000000000,10.0000000000,0.0046839196,10.0000000000,10.0000000000,1.0000000000,1.0000000000,10.0000000000
15.0000000000,11.0000000000,0.0047533411,10.0000000000,10.0000000000,1.0000000000,1.0000000000,10.0000000000
15.0000000000,12.0000000000,0.0043568578,10.0000000000,10.0000000000,1.0000000000,1.0000000000,10.0000000000
15.0000000000,13.0000000000,0.0036566726,10.0000000000,10.0000000000,1.0000000000,1.0000000000,10.0000000000
15.0000000000,14.0000000000,0.0028197865,10.0000000000,10.0000000000,1.0000000000,1.0000000000,10.0000000000
15.0000000000,15.0000000000,0.0020076582,10.0000000000,10.0000000000,1.0000000000,1.0000000000,10.0000000000
15.0000000000,16.0000000000,0.0013266075,10.0000000000,10.0000000000,1.0000000000,1.0000000000,10.0000000000
15.0000000000,17.0000000000,0.0008272361,10.0000000000,10.0000000000,1.0000000000,1.0000000000,10.0000000000
15.0000000000,18.0000000000,0.0004858971,10.0000000000,10.0000000000,1.0000000000,1.0000000000,10.0000000000
15.0000000000,19.0000000000,0.0002629050,10.0000000000,10.0000000000,1.0000000000,1.0000000000,10.0000000000
15.0000000000,20.0000000000,0.0001367980,10.0000000000,10.0000000000,1.0000000000,1.0000000000,10.0000000000
15.0000000000,21.0000000000,0.0000666996,10.0000000000,10.0000000000,1.0000000000,1.0000000000,10.0000000000
15.0000000000,22.0000000000,0.0000314522,10.0000000000,10.0000000000,1.0000000000,1.0000000000,10.0000000000
15.0000000000,23.0000000000,0.0000138920,10.0000000000,10.0000000000,1.0000000000,1.0000000000,10.0000000000
15.0000000000,24.0000000000,0.0000057419,10.0000000000,10.0000000000,1.0000000000,1.0000000000,10.0000000000
15.0000000000,25.0000000000,0.0000023652,10.0000000000,10.0000000000,1.0000000000,1.0000000000,10.0000000000
15.0000000000,26.0000000000,0.0000009322,10.0000000000,10.0000000000,1.0000000000,1.0000000000,10.0000000000
15.0000000000,27.0000000000,0.0000003131,10.0000000000,10.0000000000,1.0000000000,1.0000000000,10.0000000000
15.0000000000,28.0000000000,0.0000001436,10.0000000000,10.0000000000,1.0000000000,1.0000000000,10.0000000000
15.0000000000,29.0000000000,0.0000000401,10.0000000000,10.0000000000,1.0000000000,1.0000000000,10.0000000000
15.0000000000,30.0000000000,0.0000000134,10.0000000000,10.0000000000,1.0000000000,1.0000000000,10.0000000000
16.0000000000,0.0000000000,0.0000000518,10.0000000000,10.0000000000,1.0000000000,1.0000000000,10.0000000000
16.0000000000,1.0000000000,0.0000008330,10.0000000000,10.0000000000,1.0000000000,1.0000000000,10.0000000000
16.0000000000,2.0000000000,0.0000069035,10.0000000000,10.0000000000,1.0000000000,1.0000000000,10.0000000000
16.0000000000,3.0000000000,0.0000342433,10.0000000000,10.0000000000,1.0000000000,1.0000000000,10.0000000000
16.0000000000,4.0000000000,0.0001264932,10.0000000000,10.0000000000,1.0000000000,1.0000000000,10.0000000000
16.0000000000,5.0000000000,0.0003422447,10.0000000000,10.0000000000,1.0000000000,1.0000000000,10.0000000000
16.0000000000,6.0000000000,0.0007387654,10.0000000000,10.0000000000,1.0000000000,1.0000000000,10.0000000000
16.0000000000,7.0000000000,0.0013220372,10.0000000000,10.0000000000,1.0000000000,1.0000000000,10.0000000000
16.0000000000,8.0000000000,0.0020031625,10.0000000000,10.0000000000,1.0000000000,1.0000000000,10.0000000000
16.0000000000,9.0000000000,0.0026233747,10.0000000000,10.0000000000,1.0000000000,1.0000000000,10.0000000000
16.0000000000,10.0000000000,0.0030444244,10.0000000000,10.0000000000,1.0000000000,1.0000000000,10.0000000000
16.0000000000,11.0000000000,0.0031593965,10.0000000000,10.0000000000,1.0000000000,1.0000000000,10.0000000000
16.0000000000,12.0000000000,0.0029544546,10.0000000000,10.0000000000,1.0000000000,1.0000000000,10.0000000000
16.0000000000,13.0000000000,0.0025279586,10.0000000000,10.0000000000,1.0000000000,1.0000000000,10.0000000000
16.0000000000,14.0000000000,0.0019687022,10.0000000000,10.0000000000,1.0000000000,1.0000000000,10.0000000000
16.0000000000,15.0000000000,0.0014280336,10.0000000000,10.0000000000,1.0000000000,1.0000000000,10.0000000000
16.0000000000,16.0000000000,0.0009607635,10.0000000000,10.0000000000,1.0000000000,1.0000000000,10.0000000000
16.0000000000,17.0000000000,0.0006054117,10.0000000000,10.0000000000,1.0000000000,1.0000000000,10.0000000000
16.0000000000,18.0000000000,0.0003581902,10.0000000000,10.0000000000,1.0000000000,1.0000000000,10.0000000000
16.0000000000,19.0000000000,0.0002003719,10.0000000000,10.0000000000,1.0000000000,1.0000000000,10.0000000000
16.0000000000,20.0000000000,0.0001033246,10.0000000000,10.0000000000,1.0000000000,1.0000000000,10.0000000000
16.0000000000,21.0000000000,0.0000524462,10.0000000000,10.0000000000,1.0000000000,1.0000000000,10.0000000000
16.0000000000,22.0000000000,0.0000240628,10.0000000000,10.0000000000,1.0000000000,1.0000000000,10.0000000000
16.0000000000,23.0000000000,0.0000114251,10.0000000000,10.0000000000,1.0000000000,1.0000000000,10.0000000000
16.0000000000,24.0000000000,0.0000047315,10.0000000000,10.0000000000,1.0000000000,1.0000000000,10.0000000000
16.0000000000,25.0000000000,0.0000019717,10.0000000000,10.0000000000,1.0000000000,1.0000000000,10.0000000000
16.0000000000,26.0000000000,0.0000006922,10.0000000000,10.0000000000,1.0000000000,1.0000000000,10.0000000000
16.0000000000,27.0000000000,0.0000002620,10.0000000000,10.0000000000,1.0000000000,1.0000000000,10.0000000000
16.0000000000,28.0000000000,0.0000001192,10.0000000000,10.0000000000,1.0000000000,1.0000000000,10.0000000000
16.0000000000,29.0000000000,0.0000000442,10.0000000000,10.0000000000,1.0000000000,1.0000000000,10.0000000000
16.0000000000,30.0000000000,0.0000000099,10.0000000000,10.0000000000,1.0000000000,1.0000000000,10.0000000000
17.0000000000,0.0000000000,0.0000000029,10.0000000000,10.0000000000,1.0000000000,1.0000000000,10.0000000000
17.0000000000,1.0000000000,0.0000003158,10.0000000000,10.0000000000,1.0000000000,1.0000000000,10.0000000000
17.0000000000,2.0000000000,0.0000035332,10.0000000000,10.0000000000,1.0000000000,1.0000000000,10.0000000000
17.0000000000,3.0000000000,0.0000183046,10.0000000000,10.0000000000,1.0000000000,1.0000000000,10.0000000000
17.0000000000,4.0000000000,0.0000656646,10.0000000000,10.0000000000,1.0000000000,1.0000000000,10.0000000000
17.0000000000,5.0000000000,0.0001829183,10.0000000000,10.0000000000,1.0000000000,1.0000000000,10.0000000000
17.0000000000,6.0000000000,0.0004084685,10.0000000000,10.0000000000,1.0000000000,1.0000000000,10.0000000000
17.0000000000,7.0000000000,0.0007550549,10.0000000000,10.0000000000,1.0000000000,1.0000000000,10.0000000000
17.0000000000,8.0000000000,0.0011726961,10.0000000000,10.0000000000,1.0000000000,1.0000000000,10.0000000000
17.0000000000,9.0000000000,0.0015751236,10.0000000000,10.0000000000,1.0000000000,1.0000000000,10.0000000000
17.0000000000,10.0000000000,0.0018730737,10.0000000000,10.0000000000,1.0000000000,1.0000000000,10.0000000000
17.0000000000,11.0000000000,0.0019838852,10.0000000000,10.0000000000,1.0000000000,1.0000000000,10.0000000000
17.0000000000,12.0000000000,0.0018874014,10.0000000000,10.0000000000,1.0000000000,1.0000000000,10.0000000000
17.0000000000,13.0000000000,0.0016478732,10.0000000000,10.0000000000,1.0000000000,1.0000000000,10.0000000000
17.0000000000,14.0000000000,0.0013044233,10.0000000000,10.0000000000,1.0000000000,1.0000000000,10.0000000000
17.0000000000,15.0000000000,0.0009569260,10.0000000000,10.0000000000,1.0000000000,1.0000000000,10.0000000000
17.0000000000,16.0000000000,0.0006555218,10.0000000000,10.0000000000,1.0000000000,1.0000000000,10.0000000000
17.0000000000,17.0000000000,0.0004187444,10.0000000000,10.0000000000,1.0000000000,1.0000000000,10.0000000000
17.0000000000,18.0000000000,0.0002498870,10.0000000000,10.0000000000,1.0000000000,1.0000000000,10.0000000000
17.0000000000,19.0000000000,0.0001401757,10.0000000000,10.0000000000,1.0000000000,1.0000000000,10.0000000000
17.0000000000,20.0000000000,0.0000737917,10.0000000000,10.0000000000,1.0000000000,1.0000000000,10.0000000000
17.0000000000,21.0000000000,0.0000374575,10.0000000000,10.0000000000,1.0000000000,1.0000000000,10.0000000000
17.0000000000,22.0000000000,0.0000179315,10.0000000000,10.0000000000,1.0000000000,1.0000000000,10.0000000000
17.0000000000,23.0000000000,0.0000085149,10.0000000000,10.0000000000,1.0000000000,1.0000000000,10.0000000000
17.0000000000,24.0000000000,0.0000037159,10.0000000000,10.0000000000,1.0000000000,1.0000000000,10.0000000000
17.0000000000,25.0000000000,0.0000013485,10.0000000000,10.0000000000,1.0000000000,1.0000000000,10.0000000000
17.0000000000,26.0000000000,0.0000005029,10.0000000000,10.0000000000,1.0000000000,1.0000000000,10.0000000000
17.0000000000,27.0000000000,0.0000002264,10.0000000000,10.0000000000,1.0000000000,1.0000000000,10.0000000000
17.0000000000,28.0000000000,0.0000000708,10.0000000000,10.0000000000,1.0000000000,1.0000000000,10.0000000000
17.0000000000,29.0000000000,0.0000000427,10.0000000000,10.0000000000,1.0000000000,1.0000000000,10.0000000000
17.0000000000,30.0000000000,0.0000000120,10.0000000000,10.0000000000,1.0000000000,1.0000000000,10.0000000000
18.0000000000,1.0000000000,0.0000001454,10.0000000000,10.0000000000,1.0000000000,1.0000000000,10.0000000000
18.0000000000,2.0000000000,0.0000015751,10.0000000000,10.0000000000,1.0000000000,1.0000000000,10.0000000000
18.0000000000,3.0000000000,0.0000085261,10.0000000000,10.0000000000,1.0000000000,1.0000000000,10.0000000000
18.0000000000,4.0000000000,0.0000329409,10.0000000000,10.0000000000,1.0000000000,1.0000000000,10.0000000000
18.0000000000,5.0000000000,0.0000956758,10.0000000000,10.0000000000,1.0000000000,1.0000000000,10.0000000000
18.0000000000,6.0000000000,0.0002175810,10.0000000000,10.0000000000,1.0000000000,1.0000000000,10.0000000000
18.0000000000,7.0000000000,0.0004097446,10.0000000000,10.0000000000,1.0000000000,1.0000000000,10.0000000000
18.0000000000,8.0000000000,0.0006582435,10.0000000000,10.0000000000,1.0000000000,1.0000000000,10.0000000000
18.0000000000,9.0000000000,0.0009017768,10.0000000000,10.0000000000,1.0000000000,1.0000000000,10.0000000000
18.0000000000,10.0000000000,0.0010949975,10.0000000000,10.0000000000,1.0000000000,1.0000000000,10.0000000000
18.0000000000,11.0000000000,0.0011825730,10.0000000000,10.0000000000,1.0000000000,1.0000000000,10.0000000000
18.0000000000,12.0000000000,0.0011413067,10.0000000000,10.0000000000,1.0000000000,1.0000000000,10.0000000000
18.0000000000,13.0000000000,0.0010154126,10.0000000000,10.0000000000,1.0000000000,1.0000000000,10.0000000000
18.0000000000,14.0000000000,0.0008178184,10.0000000000,10.0000000000,1.0000000000,1.0000000000,10.0000000000
18.0000000000,15.0000000000,0.0006112814,10.0000000000,10.0000000000,1.0000000000,1.0000000000,10.0000000000
18.0000000000,16.0000000000,0.0004232228,10.0000000000,10.0000000000,1.0000000000,1.0000000000,10.0000000000
18.0000000000,17.0000000000,0.0002732683,10.0000000000,10.0000000000,1.0000000000,1.0000000000,10.0000000000
18.0000000000,18.0000000000,0.0001669425,10.0000000000,10.0000000000,1.0000000000,1.0000000000,10.0000000000
18.0000000000,19.0000000000,0.0000943056,10.0000000000,10.0000000000,1.0000000000,1.0000000000,10.0000000000
18.0000000000,20.0000000000,0.0000510197,10.0000000000,10.0000000000,1.0000000000,1.0000000000,10.0000000000
18.0000000000,21.0000000000,0.0000258402,10.0000000000,10.0000000000,1.0000000000,1.0000000000,10.0000000000
18.0000000000,22.0000000000,0.0000128316,10.0000000000,10.0000000000,1.0000000000,1.0000000000,10.0000000000
18.0000000000,23.0000000000,0.0000059037,10.0000000000,10.0000000000,1.0000000000,1.0000000000,10.0000000000
18.0000000000,24.0000000000,0.0000025333,10.0000000000,10.0000000000,1.0000000000,1.0000000000,10.0000000000
18.0000000000,25.0000000000,0.0000011014,10.0000000000,10.0000000000,1.0000000000,1.0000000000,10.0000000000
18.0000000000,26.0000000000,0.0000003759,10.0000000000,10.0000000000,1.0000000000,1.0000000000,10.0000000000
18.0000000000,27.0000000000,0.0000001935,10.0000000000,10.0000000000,1.0000000000,1.0000000000,10.0000000000
18.0000000000,28.0000000000,0.0000000887,10.0000000000,10.0000000000,1.0000000000,1.0000000000,10.0000000000
18.0000000000,29.0000000000,0.0000000239,10.0000000000,10.0000000000,1.0000000000,1.0000000000,10.0000000000
18.0000000000,30.0000000000,0.0000000160,10.0000000000,10.0000000000,1.0000000000,1.0000000000,10.0000000000
19.0000000000,1.0000000000,0.0000000332,10.0000000000,10.0000000000,1.0000000000,1.0000000000,10.0000000000
19.0000000000,2.0000000000,0.0000007009,10.0000000000,10.0000000000,1.0000000000,1.0000000000,10.0000000000
19.0000000000,3.0000000000,0.0000041007,10.0000000000,10.0000000000,1.0000000000,1.0000000000,10.0000000000
19.0000000000,4.0000000000,0.0000157071,10.0000000000,10.0000000000,1.0000000000,1.0000000000,10.0000000000
19.0000000000,5.0000000000,0.0000483051,10.0000000000,10.0000000000,1.0000000000,1.0000000000,10.0000000000
19.0000000000,6.0000000000,0.0001107182,10.0000000000,10.0000000000,1.0000000000,1.0000000000,10.0000000000
19.0000000000,7.0000000000,0.0002135106,10.0000000000,10.0000000000,1.0000000000,1.0000000000,10.0000000000
19.0000000000,8.0000000000,0.0003521444,10.0000000000,10.0000000000,1.0000000000,1.0000000000,10.0000000000
19.0000000000,9.0000000000,0.0004917015,10.0000000000,10.0000000000,1.0000000000,1.0000000000,10.0000000000
19.0000000000,10.0000000000,0.0006113779,10.0000000000,10.0000000000,1.0000000000,1.0000000000,10.0000000000
19.0000000000,11.0000000000,0.0006764019,10.0000000000,10.0000000000,1.0000000000,1.0000000000,10.0000000000
19.0000000000,12.0000000000,0.0006657787,10.0000000000,10.0000000000,1.0000000000,1.0000000000,10.0000000000
19.0000000000,13.0000000000,0.0005935078,10.0000000000,10.0000000000,1.0000000000,1.0000000000,10.0000000000
19.0000000000,14.0000000000,0.0004845202,10.0000000000,10.0000000000,1.0000000000,1.0000000000,10.0000000000
19.0000000000,15.0000000000,0.0003671302,10.0000000000,10.0000000000,1.0000000000,1.0000000000,10.0000000000
19.0000000000,16.0000000000,0.0002585506,10.0000000000,10.0000000000,1.0000000000,1.0000000000,10.0000000000
19.0000000000,17.0000000000,0.0001718382,10.0000000000,10.0000000000,1.0000000000,1.0000000000,10.0000000000
19.0000000000,18.0000000000,0.0001059586,10.0000000000,10.0000000000,1.0000000000,1.0000000000,10.0000000000
19.0000000000,19.0000000000,0.0000597929,10.0000000000,10.0000000000,1.0000000000,1.0000000000,10.0000000000
19.0000000000,20.0000000000,0.0000338921,10.0000000000,10.0000000000,1.0000000000,1.0000000000,10.0000000000
19.0000000000,21.0000000000,0.0000171539,10.0000000000,10.0000000000,1.0000000000,1.0000000000,10.0000000000
19.0000000000,22.0000000000,0.0000083480,10.0000000000,10.0000000000,1.0000000000,1.0000000000,10.0000000000
19.0000000000,23.0000000000,0.0000038396,10.0000000000,10.0000000000,1.0000000000,1.0000000000,10.0000000000
19.0000000000,24.0000000000,0.0000018814,10.0000000000,10.0000000000,1.0000000000,1.0000000000,10.0000000000
19.0000000000,25.0000000000,0.0000008116,10.0000000000,10.0000000000,1.0000000000,1.0000000000,10.0000000000
19.0000000000,26.0000000000,0.0000002939,10.0000000000,10.0000000000,1.0000000000,1.0000000000,10.0000000000
19.0000000000,27.0000000000,0.0000001008,10.0000000000,10.0000000000,1.0000000000,1.0000000000,10.0000000000
19.0000000000,28.0000000000,0.0000000441,10.0000000000,10.0000000000,1.0000000000,1.0000000000,10.0000000000
19.0000000000,29.0000000000,0.0000000233,10.0000000000,10.0000000000,1.0000000000,1.0000000000,10.0000000000
19.0000000000,30.0000000000,0.0000000338,10.0000000000,10.0000000000,1.0000000000,1.0000000000,10.0000000000
19.0000000000,31.0000000000,0.0000000095,10.0000000000,10.0000000000,1.0000000000,1.0000000000,10.0000000000
20.0000000000,1.0000000000,0.0000000263,10.0000000000,10.0000000000,1.0000000000,1.0000000000,10.0000000000
20.0000000000,2.0000000000,0.0000002851,10.0000000000,10.0000000000,1.0000000000,1.0000000000,10.0000000000
20.0000000000,3.0000000000,0.0000019543,10.0000000000,10.0000000000,1.0000000000,1.0000000000,10.0000000000
20.0000000000,4.0000000000,0.0000074137,10.0000000000,10.0000000000,1.0000000000,1.0000000000,10.0000000000
20.0000000000,5.0000000000,0.0000219647,10.0000000000,10.0000000000,1.0000000000,1.0000000000,10.0000000000
20.0000000000,6.0000000000,0.0000536131,10.0000000000,10.0000000000,1.0000000000,1.0000000000,10.0000000000
20.0000000000,7.0000000000,0.0001053026,10.0000000000,10.0000000000,1.0000000000,1.0000000000,10.0000000000
20.0000000000,8.0000000000,0.0001795639,10.0000000000,10.0000000000,1.0000000000,1.0000000000,10.0000000000
20.0000000000,9.0000000000,0.0002535583,10.0000000000,10.0000000000,1.0000000000,1.0000000000,10.0000000000
20.0000000000,10.0000000000,0.0003228917,10.0000000000,10.0000000000,1.0000000000,1.0000000000,10.0000000000
20.0000000000,11.0000000000,0.0003648694,10.0000000000,10.0000000000,1.0000000000,1.0000000000,10.0000000000
20.0000000000,12.0000000000,0.0003643290,10.0000000000,10.0000000000,1.0000000000,1.0000000000,10.0000000000
20.0000000000,13.0000000000,0.0003325797,10.0000000000,10.0000000000,1.0000000000,1.0000000000,10.0000000000
20.0000000000,14.0000000000,0.0002786892,10.0000000000,10.0000000000,1.0000000000,1.0000000000,10.0000000000
20.0000000000,15.0000000000,0.0002124905,10.0000000000,10.0000000000,1.0000000000,1.0000000000,10.0000000000
20.0000000000,16.0000000000,0.0001528861,10.0000000000,10.0000000000,1.0000000000,1.0000000000,10.0000000000
20.0000000000,17.0000000000,0.0001020352,10.0000000000,10.0000000000,1.0000000000,1.0000000000,10.0000000000
20.0000000000,18.0000000000,0.0000617638,10.0000000000,10.0000000000,1.0000000000,1.0000000000,10.0000000000
20.0000000000,19.0000000000,0.0000366575,10.0000000000,10.0000000000,1.0000000000,1.0000000000,10.0000000000
20.0000000000,20.0000000000,0.0000205341,10.0000000000,10.0000000000,1.0000000000,1.0000000000,10.0000000000
20.0000000000,21.0000000000,0.0000106810,10.0000000000,10.0000000000,1.0000000000,1.0000000000,10.0000000000
20.0000000000,22.0000000000,0.0000051479,10.0000000000,10.0000000000,1.0000000000,1.0000000000,10.0000000000
20.0000000000,23.0000000000,0.0000021792,10.0000000000,10.0000000000,1.0000000000,1.0000000000,10.0000000000
20.0000000000,24.0000000000,0.0000010056,10.0000000000,10.0000000000,1.0000000000,1.0000000000,10.0000000000
20.0000000000,25.0000000000,0.0000005937,10.0000000000,10.0000000000,1.0000000000,1.0000000000,10.0000000000
20.0000000000,26.0000000000,0.0000001786,10.0000000000,10.0000000000,1.0000000000,1.0000000000,10.0000000000
20.0000000000,27.0000000000,0.0000000445,10.0000000000,10.0000000000,1.0000000000,1.0000000000,10.0000000000
20.0000000000,28.0000000000,0.0000000217,10.0000000000,10.0000000000,1.0000000000,1.0000000000,10.0000000000
20.0000000000,29.0000000000,0.0000000054,10.0000000000,10.0000000000,1.0000000000,1.0000000000,10.0000000000
20.0000000000,30.0000000000,0.0000000067,10.0000000000,10.0000000000,1.0000000000,1.0000000000,10.0000000000
21.0000000000,1.0000000000,0.0000000014,10.0000000000,10.0000000000,1.0000000000,1.0000000000,10.0000000000
21.0000000000,2.0000000000,0.0000001101,10.0000000000,10.0000000000,1.0000000000,1.0000000000,10.0000000000
21.0000000000,3.0000000000,0.0000008185,10.0000000000,10.0000000000,1.0000000000,1.0000000000,10.0000000000
21.0000000000,4.0000000000,0.0000034361,10.0000000000,10.0000000000,1.0000000000,1.0000000000,10.0000000000
21.0000000000,5.0000000000,0.0000099219,10.0000000000,10.0000000000,1.0000000000,1.0000000000,10.0000000000
21.0000000000,6.0000000000,0.0000249174,10.0000000000,10.0000000000,1.0000000000,1.0000000000,10.0000000000
21.0000000000,7.0000000000,0.0000516251,10.0000000000,10.0000000000,1.0000000000,1.0000000000,10.0000000000
21.0000000000,8.0000000000,0.0000865107,10.0000000000,10.0000000000,1.0000000000,1.0000000000,10.0000000000
21.0000000000,9.0000000000,0.0001286941,10.0000000000,10.0000000000,1.0000000000,1.0000000000,10.0000000000
21.0000000000,10.0000000000,0.0001647152,10.0000000000,10.0000000000,1.0000000000,1.0000000000,10.0000000000
21.0000000000,11.0000000000,0.0001875454,10.0000000000,10.0000000000,1.0000000000,1.0000000000,10.0000000000
21.0000000000,12.0000000000,0.0001915502,10.0000000000,10.0000000000,1.0000000000,1.0000000000,10.0000000000
21.0000000000,13.0000000000,0.0001779344,10.0000000000,10.0000000000,1.0000000000,1.0000000000,10.0000000000
21.0000000000,14.0000000000,0.0001526552,10.0000000000,10.0000000000,1.0000000000,1.0000000000,10.0000000000
21.0000000000,15.0000000000,0.0001174261,10.0000000000,10.0000000000,1.0000000000,1.0000000000,10.0000000000
21.0000000000,16.0000000000,0.0000848749,10.0000000000,10.0000000000,1.0000000000,1.0000000000,10.0000000000
21.0000000000,17.0000000000,0.0000573834,10.0000000000,10.0000000000,1.0000000000,1.0000000000,10.0000000000
21.0000000000,18.0000000000,0.0000359511,10.0000000000,10.0000000000,1.0000000000,1.0000000000,10.0000000000
21.0000000000,19.0000000000,0.0000216803,10.0000000000,10.0000000000,1.0000000000,1.0000000000,10.0000000000
21.0000000000,20.0000000000,0.0000119556,10.0000000000,10.0000000000,1.0000000000,1.0000000000,10.0000000000
21.0000000000,21.0000000000,0.0000063968,10.0000000000,10.0000000000,1.0000000000,1.0000000000,10.0000000000
21.0000000000,22.0000000000,0.0000033839,10.0000000000,10.0000000000,1.0000000000,1.0000000000,10.0000000000
21.0000000000,23.0000000000,0.0000015427,10.0000000000,10.0000000000,1.0000000000,1.0000000000,10.0000000000
21.0000000000,24.0000000000,0.0000006256,10.0000000000,10.0000000000,1.0000000000,1.0000000000,10.0000000000
21.0000000000,25.0000000000,0.0000003861,10.0000000000,10.0000000000,1.0000000000,1.0000000000,10.0000000000
21.0000000000,26.0000000000,0.0000001028,10.0000000000,10.0000000000,1.0000000000,1.0000000000,10.0000000000
21.0000000000,27.0000000000,0.0000000304,10.0000000000,10.0000000000,1.0000000000,1.0000000000,10.0000000000
21.0000000000,28.0000000000,0.0000000017,10.0000000000,10.0000000000,1.0000000000,1.0000000000,10.0000000000
22.0000000000,1.0000000000,0.0000000016,10.0000000000,10.0000000000,1.0000000000,1.0000000000,10.0000000000
22.0000000000,2.0000000000,0.0000000075,10.0000000000,10.0000000000,1.0000000000,1.0000000000,10.0000000000
22.0000000000,3.0000000000,0.0000003400,10.0000000000,10.0000000000,1.0000000000,1.0000000000,10.0000000000
22.0000000000,4.0000000000,0.0000014038,10.0000000000,10.0000000000,1.0000000000,1.0000000000,10.0000000000
22.0000000000,5.0000000000,0.0000042747,10.0000000000,10.0000000000,1.0000000000,1.0000000000,10.0000000000
22.0000000000,6.0000000000,0.0000110840,10.0000000000,10.0000000000,1.0000000000,1.0000000000,10.0000000000
22.0000000000,7.0000000000,0.0000228190,10.0000000000,10.0000000000,1.0000000000,1.0000000000,10.0000000000
22.0000000000,8.0000000000,0.0000405698,10.0000000000,10.0000000000,1.0000000000,1.0000000000,10.0000000000
22.0000000000,9.0000000000,0.0000610254,10.0000000000,10.0000000000,1.0000000000,1.0000000000,10.0000000000
22.0000000000,10.0000000000,0.0000803147,10.0000000000,10.0000000000,1.0000000000,1.0000000000,10.0000000000
22.0000000000,11.0000000000,0.0000933507,10.0000000000,10.0000000000,1.0000000000,1.0000000000,10.0000000000
22.0000000000,12.0000000000,0.0000970114,10.0000000000,10.0000000000,1.0000000000,1.0000000000,10.0000000000
22.0000000000,13.0000000000,0.0000911934,10.0000000000,10.0000000000,1.0000000000,1.0000000000,10.0000000000
22.0000000000,14.0000000000,0.0000797843,10.0000000000,10.0000000000,1.0000000000,1.0000000000,10.0000000000
22.0000000000,15.0000000000,0.0000612923,10.0000000000,10.0000000000,1.0000000000,1.0000000000,10.0000000000
22.0000000000,16.0000000000,0.0000448999,10.0000000000,10.0000000000,1.0000000000,1.0000000000,10.0000000000
22.0000000000,17.0000000000,0.0000309211,10.0000000000,10.0000000000,1.0000000000,1.0000000000,10.0000000000
22.0000000000,18.0000000000,0.0000200830,10.0000000000,10.0000000000,1.0000000000,1.0000000000,10.0000000000
22.0000000000,19.0000000000,0.0000126271,10.0000000000,10.0000000000,1.0000000000,1.0000000000,10.0000000000
22.0000000000,20.0000000000,0.0000065117,10.0000000000,10.0000000000,1.0000000000,1.0000000000,10.0000000000
22.0000000000,21.0000000000,0.0000034663,10.0000000000,10.0000000000,1.0000000000,1.0000000000,10.0000000000
22.0000000000,22.0000000000,0.0000017065,10.0000000000,10.0000000000,1.0000000000,1.0000000000,10.0000000000
22.0000000000,23.0000000000,0.0000007299,10.0000000000,10.0000000000,1.0000000000,1.0000000000,10.0000000000
22.0000000000,24.0000000000,0.0000002949,10.0000000000,10.0000000000,1.0000000000,1.0000000000,10.0000000000
22.0000000000,25.0000000000,0.0000001904,10.0000000000,10.0000000000,1.0000000000,1.0000000000,10.0000000000
22.0000000000,26.0000000000,0.0000001020,10.0000000000,10.0000000000,1.0000000000,1.0000000000,10.0000000000
22.0000000000,27.0000000000,0.0000000210,10.0000000000,10.0000000000,1.0000000000,1.0000000000,10.0000000000
22.0000000000,28.0000000000,0.0000000001,10.0000000000,10.0000000000,1.0000000000,1.0000000000,10.0000000000
23.0000000000,2.0000000000,0.0000000087,10.0000000000,10.0000000000,1.0000000000,1.0000000000,10.0000000000
23.0000000000,3.0000000000,0.0000001581,10.0000000000,10.0000000000,1.0000000000,1.0000000000,10.0000000000
23.0000000000,4.0000000000,0.0000005804,10.0000000000,10.0000000000,1.0000000000,1.0000000000,10.0000000000
23.0000000000,5.0000000000,0.0000016526,10.0000000000,10.0000000000,1.0000000000,1.0000000000,10.0000000000
23.0000000000,6.0000000000,0.0000044929,10.0000000000,10.0000000000,1.0000000000,1.0000000000,10.0000000000
23.0000000000,7.0000000000,0.0000098183,10.0000000000,10.0000000000,1.0000000000,1.0000000000,10.0000000000
23.0000000000,8.0000000000,0.0000180777,10.0000000000,10.0000000000,1.0000000000,1.0000000000,10.0000000000
23.0000000000,9.0000000000,0.0000273925,10.0000000000,10.0000000000,1.0000000000,1.0000000000,10.0000000000
23.0000000000,10.0000000000,0.0000373395,10.0000000000,10.0000000000,1.0000000000,1.0000000000,10.0000000000
23.0000000000,11.0000000000,0.0000449222,10.0000000000,10.0000000000,1.0000000000,1.0000000000,10.0000000000
23.0000000000,12.0000000000,0.0000463608,10.0000000000,10.0000000000,1.0000000000,1.0000000000,10.0000000000
23.0000000000,13.0000000000,0.0000450502,10.0000000000,10.0000000000,1.0000000000,1.0000000000,10.0000000000
23.0000000000,14.0000000000,0.0000398921,10.0000000000,10.0000000000,1.0000000000,1.0000000000,10.0000000000
23.0000000000,15.0000000000,0.0000326651,10.0000000000,10.0000000000,1.0000000000,1.0000000000,10.0000000000
23.0000000000,16.0000000000,0.0000230320,10.0000000000,10.0000000000,1.0000000000,1.0000000000,10.0000000000
23.0000000000,17.0000000000,0.0000158322,10.0000000000,10.0000000000,1.0000000000,1.0000000000,10.0000000000
23.0000000000,18.0000000000,0.0000113266,10.0000000000,10.0000000000,1.0000000000,1.0000000000,10.0000000000
23.0000000000,19.0000000000,0.0000068294,10.0000000000,10.0000000000,1.0000000000,1.0000000000,10.0000000000
23.0000000000,20.0000000000,0.0000038828,10.0000000000,10.0000000000,1.0000000000,1.0000000000,10.0000000000
23.0000000000,21.0000000000,0.0000021607,10.0000000000,10.0000000000,1.0000000000,1.0000000000,10.0000000000
23.0000000000,22.0000000000,0.0000008943,10.0000000000,10.0000000000,1.0000000000,1.0000000000,10.0000000000
23.0000000000,23.0000000000,0.0000003684,10.0000000000,10.0000000000,1.0000000000,1.0000000000,10.0000000000
23.0000000000,24.0000000000,0.0000002535,10.0000000000,10.0000000000,1.0000000000,1.0000000000,10.0000000000
23.0000000000,25.0000000000,0.0000000729,10.0000000000,10.0000000000,1.0000000000,1.0000000000,10.0000000000
23.0000000000,26.0000000000,0.0000000294,10.0000000000,10.0000000000,1.0000000000,1.0000000000,10.0000000000
23.0000000000,27.0000000000,0.0000000146,10.0000000000,10.0000000000,1.0000000000,1.0000000000,10.0000000000
23.0000000000,28.0000000000,0.0000000045,10.0000000000,10.0000000000,1.0000000000,1.0000000000,10.0000000000
23.0000000000,29.0000000000,0.0000000026,10.0000000000,10.0000000000,1.0000000000,1.0000000000,10.0000000000
24.0000000000,2.0000000000,0.0000000123,10.0000000000,10.0000000000,1.0000000000,1.0000000000,10.0000000000
24.0000000000,3.0000000000,0.0000000421,10.0000000000,10.0000000000,1.0000000000,1.0000000000,10.0000000000
24.0000000000,4.0000000000,0.0000001256,10.0000000000,10.0000000000,1.0000000000,1.0000000000,10.0000000000
24.0000000000,5.0000000000,0.0000006318,10.0000000000,10.0000000000,1.0000000000,1.0000000000,10.0000000000
24.0000000000,6.0000000000,0.0000017300,10.0000000000,10.0000000000,1.0000000000,1.0000000000,10.0000000000
24.0000000000,7.0000000000,0.0000041481,10.0000000000,10.0000000000,1.0000000000,1.0000000000,10.0000000000
24.0000000000,8.0000000000,0.0000079725,10.0000000000,10.0000000000,1.0000000000,1.0000000000,10.0000000000
24.0000000000,9.0000000000,0.0000119234,10.0000000000,10.0000000000,1.0000000000,1.0000000000,10.0000000000
24.0000000000,10.0000000000,0.0000167097,10.0000000000,10.0000000000,1.0000000000,1.0000000000,10.0000000000
24.0000000000,11.0000000000,0.0000210816,10.0000000000,10.0000000000,1.0000000000,1.0000000000,10.0000000000
24.0000000000,12.0000000000,0.0000212200,10.0000000000,10.0000000000,1.0000000000,1.0000000000,10.0000000000
24.0000000000,13.0000000000,0.0000208686,10.0000000000,10.0000000000,1.0000000000,1.0000000000,10.0000000000
24.0000000000,14.0000000000,0.0000184840,10.0000000000,10.0000000000,1.0000000000,1.0000000000,10.0000000000
24.0000000000,15.0000000000,0.0000149128,10.0000000000,10.0000000000,1.0000000000,1.0000000000,10.0000000000
24.0000000000,16.0000000000,0.0000109535,10.0000000000,10.0000000000,1.0000000000,1.0000000000,10.0000000000
24.0000000000,17.0000000000,0.0000080761,10.0000000000,10.0000000000,1.0000000000,1.0000000000,10.0000000000
24.0000000000,18.0000000000,0.0000056899,10.0000000000,10.0000000000,1.0000000000,1.0000000000,10.0000000000
24.0000000000,19.0000000000,0.0000033092,10.0000000000,10.0000000000,1.0000000000,1.0000000000,10.0000000000
24.0000000000,20.0000000000,0.0000019735,10.0000000000,10.0000000000,1.0000000000,1.0000000000,10.0000000000
24.0000000000,21.0000000000,0.0000010611,10.0000000000,10.0000000000,1.0000000000,1.0000000000,10.0000000000
24.0000000000,22.0000000000,0.0000004421,10.0000000000,10.0000000000,1.0000000000,1.0000000000,10.0000000000
24.0000000000,23.0000000000,0.0000002011,10.0000000000,10.0000000000,1.0000000000,1.0000000000,10.0000000000
24.0000000000,24.0000000000,0.0000001375,10.0000000000,10.0000000000,1.0000000000,1.0000000000,10.0000000000
24.0000000000,25.0000000000,0.0000000529,10.0000000000,10.0000000000,1.0000000000,1.0000000000,10.0000000000
24.0000000000,26.0000000000,0.0000000159,10.0000000000,10.0000000000,1.0000000000,1.0000000000,10.0000000000
24.0000000000,27.0000000000,0.0000000053,10.0000000000,10.0000000000,1.0000000000,1.0000000000,10.0000000000
24.0000000000,28.0000000000,0.0000000020,10.0000000000,10.0000000000,1.0000000000,1.0000000000,10.0000000000
24.0000000000,29.0000000000,0.0000000031,10.0000000000,10.0000000000,1.0000000000,1.0000000000,10.0000000000
25.0000000000,3.0000000000,0.0000000164,10.0000000000,10.0000000000,1.0000000000,1.0000000000,10.0000000000
25.0000000000,4.0000000000,0.0000000668,10.0000000000,10.0000000000,1.0000000000,1.0000000000,10.0000000000
25.0000000000,5.0000000000,0.0000003195,10.0000000000,10.0000000000,1.0000000000,1.0000000000,10.0000000000
25.0000000000,6.0000000000,0.0000009287,10.0000000000,10.0000000000,1.0000000000,1.0000000000,10.0000000000
25.0000000000,7.0000000000,0.0000017796,10.0000000000,10.0000000000,1.0000000000,1.0000000000,10.0000000000
25.0000000000,8.0000000000,0.0000036470,10.0000000000,10.0000000000,1.0000000000,1.0000000000,10.0000000000
25.0000000000,9.0000000000,0.0000054039,10.0000000000,10.0000000000,1.0000000000,1.0000000000,10.0000000000
25.0000000000,10.0000000000,0.0000080785,10.0000000000,10.0000000000,1.0000000000,1.0000000000,10.0000000000
25.0000000000,11.0000000000,0.0000092609,10.0000000000,10.0000000000,1.0000000000,1.0000000000,10.0000000000
25.0000000000,12.0000000000,0.0000096185,10.0000000000,10.0000000000,1.0000000000,1.0000000000,10.0000000000
25.0000000000,13.0000000000,0.0000095746,10.0000000000,10.0000000000,1.0000000000,1.0000000000,10.0000000000
25.0000000000,14.0000000000,0.0000088624,10.0000000000,10.0000000000,1.0000000000,1.0000000000,10.0000000000
25.0000000000,15.0000000000,0.0000072262,10.0000000000,10.0000000000,1.0000000000,1.0000000000,10.0000000000
25.0000000000,16.0000000000,0.0000053371,10.0000000000,10.0000000000,1.0000000000,1.0000000000,10.0000000000
25.0000000000,17.0000000000,0.0000039652,10.0000000000,10.0000000000,1.0000000000,1.0000000000,10.0000000000
25.0000000000,18.0000000000,0.0000025698,10.0000000000,10.0000000000,1.0000000000,1.0000000000,10.0000000000
25.0000000000,19.0000000000,0.0000015993,10.0000000000,10.0000000000,1.0000000000,1.0000000000,10.0000000000
25.0000000000,20.0000000000,0.0000009372,10.0000000000,10.0000000000,1.0000000000,1.0000000000,10.0000000000
25.0000000000,21.0000000000,0.0000005057,10.0000000000,10.0000000000,1.0000000000,1.0000000000,10.0000000000
25.0000000000,22.0000000000,0.0000002869,10.0000000000,10.0000000000,1.0000000000,1.0000000000,10.0000000000
25.0000000000,23.0000000000,0.0000000895,10.0000000000,10.0000000000,1.0000000000,1.0000000000,10.0000000000
25.0000000000,24.0000000000,0.0000000366,10.0000000000,10.0000000000,1.0000000000,1.0000000000,10.0000000000
25.0000000000,25.0000000000,0.0000000122,10.0000000000,10.0000000000,1.0000000000,1.0000000000,10.0000000000
25.0000000000,26.0000000000,0.0000000044,10.0000000000,10.0000000000,1.0000000000,1.0000000000,10.0000000000
26.0000000000,3.0000000000,0.0000000058,10.0000000000,10.0000000000,1.0000000000,1.0000000000,10.0000000000
26.0000000000,4.0000000000,0.0000000135,10.0000000000,10.0000000000,1.0000000000,1.0000000000,10.0000000000
26.0000000000,5.0000000000,0.0000001123,10.0000000000,10.0000000000,1.0000000000,1.0000000000,10.0000000000
26.0000000000,6.0000000000,0.0000004090,10.0000000000,10.0000000000,1.0000000000,1.0000000000,10.0000000000
26.0000000000,7.0000000000,0.0000007828,10.0000000000,10.0000000000,1.0000000000,1.0000000000,10.0000000000
26.0000000000,8.0000000000,0.0000013956,10.0000000000,10.0000000000,1.0000000000,1.0000000000,10.0000000000
26.0000000000,9.0000000000,0.0000023550,10.0000000000,10.0000000000,1.0000000000,1.0000000000,10.0000000000
26.0000000000,10.0000000000,0.0000033470,10.0000000000,10.0000000000,1.0000000000,1.0000000000,10.0000000000
26.0000000000,11.0000000000,0.0000039713,10.0000000000,10.0000000000,1.0000000000,1.0000000000,10.0000000000
26.0000000000,12.0000000000,0.0000043991,10.0000000000,10.0000000000,1.0000000000,1.0000000000,10.0000000000
26.0000000000,13.0000000000,0.0000042962,10.0000000000,10.0000000000,1.0000000000,1.0000000000,10.0000000000
26.0000000000,14.0000000000,0.0000041863,10.0000000000,10.0000000000,1.0000000000,1.0000000000,10.0000000000
26.0000000000,15.0000000000,0.0000033671,10.0000000000,10.0000000000,1.0000000000,1.0000000000,10.0000000000
26.0000000000,16.0000000000,0.0000025307,10.0000000000,10.0000000000,1.0000000000,1.0000000000,10.0000000000
26.0000000000,17.0000000000,0.0000019447,10.0000000000,10.0000000000,1.0000000000,1.0000000000,10.0000000000
26.0000000000,18.0000000000,0.0000013613,10.0000000000,10.0000000000,1.0000000000,1.0000000000,10.0000000000
26.0000000000,19.0000000000,0.0000008571,10.0000000000,10.0000000000,1.0000000000,1.0000000000,10.0000000000
26.0000000000,20.0000000000,0.0000003946,10.0000000000,10.0000000000,1.0000000000,1.0000000000,10.0000000000
26.0000000000,21.0000000000,0.0000002280,10.0000000000,10.0000000000,1.0000000000,1.0000000000,10.0000000000
26.0000000000,22.0000000000,0.0000000706,10.0000000000,10.0000000000,1.0000000000,1.0000000000,10.0000000000
26.0000000000,23.0000000000,0.0000000125,10.0000000000,10.0000000000,1.0000000000,1.0000000000,10.0000000000
27.0000000000,3.0000000000,0.0000000171,10.0000000000,10.0000000000,1.0000000000,1.0000000000,10.0000000000
27.0000000000,4.0000000000,0.0000000102,10.0000000000,10.0000000000,1.0000000000,1.0000000000,10.0000000000
27.0000000000,5.0000000000,0.0000000702,10.0000000000,10.0000000000,1.0000000000,1.0000000000,10.0000000000
27.0000000000,6.0000000000,0.0000001171,10.0000000000,10.0000000000,1.0000000000,1.0000000000,10.0000000000
27.0000000000,7.0000000000,0.0000003348,10.0000000000,10.0000000000,1.0000000000,1.0000000000,10.0000000000
27.0000000000,8.0000000000,0.0000006210,10.0000000000,10.0000000000,1.0000000000,1.0000000000,10.0000000000
27.0000000000,9.0000000000,0.0000008402,10.0000000000,10.0000000000,1.0000000000,1.0000000000,10.0000000000
27.0000000000,10.0000000000,0.0000014231,10.0000000000,10.0000000000,1.0000000000,1.0000000000,10.0000000000
27.0000000000,11.0000000000,0.0000017927,10.0000000000,10.0000000000,1.0000000000,1.0000000000,10.0000000000
27.0000000000,12.0000000000,0.0000020710,10.0000000000,10.0000000000,1.0000000000,1.0000000000,10.0000000000
27.0000000000,13.0000000000,0.0000020845,10.0000000000,10.0000000000,1.0000000000,1.0000000000,10.0000000000
27.0000000000,14.0000000000,0.0000017725,10.0000000000,10.0000000000,1.0000000000,1.0000000000,10.0000000000
27.0000000000,15.0000000000,0.0000014547,10.0000000000,10.0000000000,1.0000000000,1.0000000000,10.0000000000
27.0000000000,16.0000000000,0.0000008974,10.0000000000,10.0000000000,1.0000000000,1.0000000000,10.0000000000
27.0000000000,17.0000000000,0.0000007276,10.0000000000,10.0000000000,1.0000000000,1.0000000000,10.0000000000
27.0000000000,18.0000000000,0.0000007017,10.0000000000,10.0000000000,1.0000000000,1.0000000000,10.0000000000
27.0000000000,19.0000000000,0.0000004112,10.0000000000,10.0000000000,1.0000000000,1.0000000000,10.0000000000
27.0000000000,20.0000000000,0.0000001947,10.0000000000,10.0000000000,1.0000000000,1.0000000000,10.0000000000
27.0000000000,21.0000000000,0.0000001172,10.0000000000,10.0000000000,1.0000000000,1.0000000000,10.0000000000
27.0000000000,22.0000000000,0.0000000247,10.0000000000,10.0000000000,1.0000000000,1.0000000000,10.0000000000
27.0000000000,23.0000000000,0.0000000133,10.0000000000,10.0000000000,1.0000000000,1.0000000000,10.0000000000
27.0000000000,24.0000000000,0.0000000105,10.0000000000,10.0000000000,1.0000000000,1.0000000000,10.0000000000
28.0000000000,3.0000000000,0.0000000062,10.0000000000,10.0000000000,1.0000000000,1.0000000000,10.0000000000
28.0000000000,4.0000000000,0.0000000045,10.0000000000,10.0000000000,1.0000000000,1.0000000000,10.0000000000
28.0000000000,5.0000000000,0.0000000150,10.0000000000,10.0000000000,1.0000000000,1.0000000000,10.0000000000
28.0000000000,6.0000000000,0.0000000481,10.0000000000,10.0000000000,1.0000000000,1.0000000000,10.0000000000
28.0000000000,7.0000000000,0.0000000944,10.0000000000,10.0000000000,1.0000000000,1.0000000000,10.0000000000
28.0000000000,8.0000000000,0.0000001941,10.0000000000,10.0000000000,1.0000000000,1.0000000000,10.0000000000
28.0000000000,9.0000000000,0.0000003819,10.0000000000,10.0000000000,1.0000000000,1.0000000000,10.0000000000
28.0000000000,10.0000000000,0.0000005625,10.0000000000,10.0000000000,1.0000000000,1.0000000000,10.0000000000
28.0000000000,11.0000000000,0.0000006951,10.0000000000,10.0000000000,1.0000000000,1.0000000000,10.0000000000
28.0000000000,12.0000000000,0.0000008231,10.0000000000,10.0000000000,1.0000000000,1.0000000000,10.0000000000
28.0000000000,13.0000000000,0.0000008311,10.0000000000,10.0000000000,1.0000000000,1.0000000000,10.0000000000
28.0000000000,14.0000000000,0.0000007340,10.0000000000,10.0000000000,1.0000000000,1.0000000000,10.0000000000
28.0000000000,15.0000000000,0.0000006371,10.0000000000,10.0000000000,1.0000000000,1.0000000000,10.0000000000
28.0000000000,16.0000000000,0.0000004300,10.0000000000,10.0000000000,1.0000000000,1.0000000000,10.0000000000
28.0000000000,17.0000000000,0.0000003351,10.0000000000,10.0000000000,1.0000000000,1.0000000000,10.0000000000
28.0000000000,18.0000000000,0.0000002150,10.0000000000,10.0000000000,1.0000000000,1.0000000000,10.0000000000
28.0000000000,19.0000000000,0.0000001990,10.0000000000,10.0000000000,1.0000000000,1.0000000000,10.0000000000
28.0000000000,20.0000000000,0.0000001074,10.0000000000,10.0000000000,1.0000000000,1.0000000000,10.0000000000
28.0000000000,21.0000000000,0.0000000357,10.0000000000,10.0000000000,1.0000000000,1.0000000000,10.0000000000
28.0000000000,22.0000000000,0.0000000005,10.0000000000,10.0000000000,1.0000000000,1.0000000000,10.0000000000
29.0000000000,6.0000000000,0.0000000407,10.0000000000,10.0000000000,1.0000000000,1.0000000000,10.0000000000
29.0000000000,7.0000000000,0.0000000121,10.0000000000,10.0000000000,1.0000000000,1.0000000000,10.0000000000
29.0000000000,8.0000000000,0.0000000758,10.0000000000,10.0000000000,1.0000000000,1.0000000000,10.0000000000
29.0000000000,9.0000000000,0.0000000915,10.0000000000,10.0000000000,1.0000000000,1.0000000000,10.0000000000
29.0000000000,10.0000000000,0.0000002151,10.0000000000,10.0000000000,1.0000000000,1.0000000000,10.0000000000
29.0000000000,11.0000000000,0.0000002932,10.0000000000,10.0000000000,1.0000000000,1.0000000000,10.0000000000
29.0000000000,12.0000000000,0.0000002679,10.0000000000,10.0000000000,1.0000000000,1.0000000000,10.0000000000
29.0000000000,13.0000000000,0.0000002981,10.0000000000,10.0000000000,1.0000000000,1.0000000000,10.0000000000
29.0000000000,14.0000000000,0.0000002561,10.0000000000,10.0000000000,1.0000000000,1.0000000000,10.0000000000
29.0000000000,15.0000000000,0.0000002742,10.0000000000,10.0000000000,1.0000000000,1.0000000000,10.0000000000
29.0000000000,16.0000000000,0.0000002292,10.0000000000,10.0000000000,1.0000000000,1.0000000000,10.0000000000
29.0000000000,17.0000000000,0.0000001458,10.0000000000,10.0000000000,1.0000000000,1.0000000000,10.0000000000
29.0000000000,18.0000000000,0.0000001043,10.0000000000,10.0000000000,1.0000000000,1.0000000000,10.0000000000
29.0000000000,19.0000000000,0.0000000803,10.0000000000,10.0000000000,1.0000000000,1.0000000000,10.0000000000
29.0000000000,20.0000000000,0.0000000229,10.0000000000,10.0000000000,1.0000000000,1.0000000000,10.0000000000
29.0000000000,21.0000000000,0.0000000055,10.0000000000,10.0000000000,1.0000000000,1.0000000000,10.0000000000
29.0000000000,22.0000000000,0.0000000003,10.0000000000,10.0000000000,1.0000000000,1.0000000000,10.0000000000
30.0000000000,6.0000000000,0.0000000132,10.0000000000,10.0000000000,1.0000000000,1.0000000000,10.0000000000
30.0000000000,7.0000000000,0.0000000197,10.0000000000,10.0000000000,1.0000000000,1.0000000000,10.0000000000
30.0000000000,8.0000000000,0.0000000240,10.0000000000,10.0000000000,1.0000000000,1.0000000000,10.0000000000
30.0000000000,9.0000000000,0.0000000404,10.0000000000,10.0000000000,1.0000000000,1.0000000000,10.0000000000
30.0000000000,10.0000000000,0.0000000511,10.0000000000,10.0000000000,1.0000000000,1.0000000000,10.0000000000
30.0000000000,11.0000000000,0.0000000723,10.0000000000,10.0000000000,1.0000000000,1.0000000000,10.0000000000
30.0000000000,12.0000000000,0.0000000916,10.0000000000,10.0000000000,1.0000000000,1.0000000000,10.0000000000
30.0000000000,13.0000000000,0.0000001169,10.0000000000,10.0000000000,1.0000000000,1.0000000000,10.0000000000
30.0000000000,14.0000000000,0.0000001395,10.0000000000,10.0000000000,1.0000000000,1.0000000000,10.0000000000
30.0000000000,15.0000000000,0.0000001639,10.0000000000,10.0000000000,1.0000000000,1.0000000000,10.0000000000
30.0000000000,16.0000000000,0.0000001463,10.0000000000,10.0000000000,1.0000000000,1.0000000000,10.0000000000
30.0000000000,17.0000000000,0.0000000867,10.0000000000,10.0000000000,1.0000000000,1.0000000000,10.0000000000
30.0000000000,18.0000000000,0.0000000357,10.0000000000,10.0000000000,1.0000000000,1.0000000000,10.0000000000
30.0000000000,19.0000000000,0.0000000242,10.0000000000,10.0000000000,1.0000000000,1.0000000000,10.0000000000
30.0000000000,20.0000000000,0.0000000214,10.0000000000,10.0000000000,1.0000000000,1.0000000000,10.0000000000
30.0000000000,21.0000000000,0.0000000009,10.0000000000,10.0000000000,1.0000000000,1.0000000000,10.0000000000
31.0000000000,7.0000000000,0.0000000025,10.0000000000,10.0000000000,1.0000000000,1.0000000000,10.0000000000
31.0000000000,8.0000000000,0.0000000020,10.0000000000,10.0000000000,1.0000000000,1.0000000000,10.0000000000
31.0000000000,9.0000000000,0.0000000134,10.0000000000,10.0000000000,1.0000000000,1.0000000000,10.0000000000
31.0000000000,10.0000000000,0.0000000644,10.0000000000,10.0000000000,1.0000000000,1.0000000000,10.0000000000
31.0000000000,11.0000000000,0.0000000191,10.0000000000,10.0000000000,1.0000000000,1.0000000000,10.0000000000
31.0000000000,12.0000000000,0.0000000692,10.0000000000,10.0000000000,1.0000000000,1.0000000000,10.0000000000
31.0000000000,13.0000000000,0.0000000521,10.0000000000,10.0000000000,1.0000000000,1.0000000000,10.0000000000
31.0000000000,14.0000000000,0.0000000602,10.0000000000,10.0000000000,1.0000000000,1.0000000000,10.0000000000
31.0000000000,15.0000000000,0.0000000507,10.0000000000,10.0000000000,1.0000000000,1.0000000000,10.0000000000
31.0000000000,16.0000000000,0.0000000182,10.0000000000,10.0000000000,1.0000000000,1.0000000000,10.0000000000
31.0000000000,17.0000000000,0.0000000329,10.0000000000,10.0000000000,1.0000000000,1.0000000000,10.0000000000
31.0000000000,18.0000000000,0.0000000137,10.0000000000,10.0000000000,1.0000000000,1.0000000000,10.0000000000
31.0000000000,19.0000000000,0.0000000183,10.0000000000,10.0000000000,1.0000000000,1.0000000000,10.0000000000
31.0000000000,20.0000000000,0.0000000035,10.0000000000,10.0000000000,1.0000000000,1.0000000000,10.0000000000
32.0000000000,8.0000000000,0.0000000012,10.0000000000,10.0000000000,1.0000000000,1.0000000000,10.0000000000
32.0000000000,9.0000000000,0.0000000007,10.0000000000,10.0000000000,1.0000000000,1.0000000000,10.0000000000
32.0000000000,10.0000000000,0.0000000032,10.0000000000,10.0000000000,1.0000000000,1.0000000000,10.0000000000
32.0000000000,11.0000000000,0.0000000171,10.0000000000,10.0000000000,1.0000000000,1.0000000000,10.0000000000
32.0000000000,12.0000000000,0.0000000276,10.0000000000,10.0000000000,1.0000000000,1.0000000000,10.0000000000
32.0000000000,13.0000000000,0.0000000059,10.0000000000,10.0000000000,1.0000000000,1.0000000000,10.0000000000
32.0000000000,14.0000000000,0.0000000364,10.0000000000,10.0000000000,1.0000000000,1.0000000000,10.0000000000
32.0000000000,15.0000000000,0.0000000208,10.0000000000,10.0000000000,1.0000000000,1.0000000000,10.0000000000
32.0000000000,16.0000000000,0.0000000075,10.0000000000,10.0000000000,1.0000000000,1.0000000000,10.0000000000
32.0000000000,17.0000000000,0.0000000141,10.0000000000,10.0000000000,1.0000000000,1.0000000000,10.0000000000
32.0000000000,18.0000000000,0.0000000089,10.0000000000,10.0000000000,1.0000000000,1.0000000000,10.0000000000
32.0000000000,19.0000000000,0.0000000036,10.0000000000,10.0000000000,1.0000000000,1.0000000000,10.0000000000
33.0000000000,8.0000000000,0.0000000003,10.0000000000,10.0000000000,1.0000000000,1.0000000000,10.0000000000
33.0000000000,9.0000000000,0.0000000019,10.0000000000,10.0000000000,1.0000000000,1.0000000000,10.0000000000
33.0000000000,10.0000000000,0.0000000007,10.0000000000,10.0000000000,1.0000000000,1.0000000000,10.0000000000
33.0000000000,11.0000000000,0.0000000091,10.0000000000,10.0000000000,1.0000000000,1.0000000000,10.0000000000
33.0000000000,12.0000000000,0.0000000125,10.0000000000,10.0000000000,1.0000000000,1.0000000000,10.0000000000
33.0000000000,13.0000000000,0.0000000155,10.0000000000,10.0000000000,1.0000000000,1.0000000000,10.0000000000
33.0000000000,14.0000000000,0.0000000222,10.0000000000,10.0000000000,1.0000000000,1.0000000000,10.0000000000
33.0000000000,15.0000000000,0.0000000051,10.0000000000,10.0000000000,1.0000000000,1.0000000000,10.0000000000
33.0000000000,16.0000000000,0.0000000031,10.0000000000,10.0000000000,1.0000000000,1.0000000000,10.0000000000
33.0000000000,17.0000000000,0.0000000004,10.0000000000,10.0000000000,1.0000000000,1.0000000000,10.0000000000
33.0000000000,18.0000000000,0.0000000035,10.0000000000,10.0000000000,1.0000000000,1.0000000000,10.0000000000
34.0000000000,12.0000000000,0.0000000126,10.0000000000,10.0000000000,1.0000000000,1.0000000000,10.0000000000
34.0000000000,13.0000000000,0.0000000258,10.0000000000,10.0000000000,1.0000000000,1.0000000000,10.0000000000
34.0000000000,14.0000000000,0.0000000006,10.0000000000,10.0000000000,1.0000000000,1.0000000000,10.0000000000
35.0000000000,13.0000000000,0.0000000006,10.0000000000,10.0000000000,1.0000000000,1.0000000000,10.0000000000
35.0000000000,14.0000000000,0.0000000029,10.0000000000,10.0000000000,1.0000000000,1.0000000000,10.0000000000
